{
    "a": [
        {
            "10.0.4.1:34335": [
                {
                    "meta": true,
                    "start_time": "0",
                    "stop_time": "30"
                },
                {
                    "timestamp": "1616437466.945",
                    "sending_rate": "30.14"
                },
                {
                    "timestamp": "1616437467.185",
                    "sending_rate": "21.84"
                },
                {
                    "timestamp": "1616437467.543",
                    "sending_rate": "17.21"
                },
                {
                    "timestamp": "1616437467.751",
                    "sending_rate": "17.68"
                },
                {
                    "timestamp": "1616437468.117",
                    "sending_rate": "21.47"
                },
                {
                    "timestamp": "1616437468.381",
                    "sending_rate": "17.88"
                },
                {
                    "timestamp": "1616437468.668",
                    "sending_rate": "16.00"
                },
                {
                    "timestamp": "1616437469.183",
                    "sending_rate": "21.39"
                },
                {
                    "timestamp": "1616437469.552",
                    "sending_rate": "17.04"
                },
                {
                    "timestamp": "1616437469.958",
                    "sending_rate": "16.46"
                },
                {
                    "timestamp": "1616437470.210",
                    "sending_rate": "29.19"
                },
                {
                    "timestamp": "1616437470.680",
                    "sending_rate": "16.71"
                },
                {
                    "timestamp": "1616437471.200",
                    "sending_rate": "16.89"
                },
                {
                    "timestamp": "1616437471.522",
                    "sending_rate": "29.30"
                },
                {
                    "timestamp": "1616437472.122",
                    "sending_rate": "16.40"
                },
                {
                    "timestamp": "1616437472.795",
                    "sending_rate": "16.35"
                },
                {
                    "timestamp": "1616437473.520",
                    "sending_rate": "15.74"
                },
                {
                    "timestamp": "1616437474.278",
                    "sending_rate": "15.22"
                },
                {
                    "timestamp": "1616437474.702",
                    "sending_rate": "26.90"
                },
                {
                    "timestamp": "1616437475.296",
                    "sending_rate": "19.42"
                },
                {
                    "timestamp": "1616437475.992",
                    "sending_rate": "16.38"
                },
                {
                    "timestamp": "1616437476.567",
                    "sending_rate": "20.08"
                },
                {
                    "timestamp": "1616437477.242",
                    "sending_rate": "16.90"
                },
                {
                    "timestamp": "1616437477.936",
                    "sending_rate": "16.61"
                },
                {
                    "timestamp": "1616437478.531",
                    "sending_rate": "19.16"
                },
                {
                    "timestamp": "1616437479.213",
                    "sending_rate": "16.93"
                },
                {
                    "timestamp": "1616437480.030",
                    "sending_rate": "13.96"
                },
                {
                    "timestamp": "1616437480.673",
                    "sending_rate": "17.92"
                },
                {
                    "timestamp": "1616437481.325",
                    "sending_rate": "17.50"
                },
                {
                    "timestamp": "1616437481.979",
                    "sending_rate": "17.64"
                },
                {
                    "timestamp": "1616437482.636",
                    "sending_rate": "17.34"
                },
                {
                    "timestamp": "1616437483.292",
                    "sending_rate": "17.59"
                },
                {
                    "timestamp": "1616437483.949",
                    "sending_rate": "17.37"
                },
                {
                    "timestamp": "1616437484.606",
                    "sending_rate": "17.55"
                },
                {
                    "timestamp": "1616437485.265",
                    "sending_rate": "17.30"
                },
                {
                    "timestamp": "1616437485.928",
                    "sending_rate": "17.40"
                },
                {
                    "timestamp": "1616437486.595",
                    "sending_rate": "17.08"
                },
                {
                    "timestamp": "1616437487.270",
                    "sending_rate": "17.09"
                },
                {
                    "timestamp": "1616437487.954",
                    "sending_rate": "16.69"
                },
                {
                    "timestamp": "1616437488.649",
                    "sending_rate": "16.58"
                },
                {
                    "timestamp": "1616437489.361",
                    "sending_rate": "16.01"
                },
                {
                    "timestamp": "1616437490.093",
                    "sending_rate": "15.76"
                },
                {
                    "timestamp": "1616437490.518",
                    "sending_rate": "26.83"
                },
                {
                    "timestamp": "1616437491.434",
                    "sending_rate": "12.59"
                },
                {
                    "timestamp": "1616437492.117",
                    "sending_rate": "16.71"
                },
                {
                    "timestamp": "1616437492.827",
                    "sending_rate": "16.23"
                },
                {
                    "timestamp": "1616437493.569",
                    "sending_rate": "15.37"
                },
                {
                    "timestamp": "1616437494.343",
                    "sending_rate": "14.91"
                },
                {
                    "timestamp": "1616437495.152",
                    "sending_rate": "14.10"
                },
                {
                    "timestamp": "1616437495.647",
                    "sending_rate": "23.31"
                },
                {
                    "timestamp": "1616437496.390",
                    "sending_rate": "15.33"
                },
                {
                    "timestamp": "1616437496.737",
                    "sending_rate": "32.94"
                }
            ]
        },
        {
            "10.0.4.1:34787": [
                {
                    "meta": true,
                    "start_time": "0",
                    "stop_time": "30"
                },
                {
                    "timestamp": "1616437466.980",
                    "sending_rate": "76.20"
                },
                {
                    "timestamp": "1616437467.280",
                    "sending_rate": "50.77"
                },
                {
                    "timestamp": "1616437467.581",
                    "sending_rate": "58.67"
                },
                {
                    "timestamp": "1616437468.003",
                    "sending_rate": "49.40"
                },
                {
                    "timestamp": "1616437468.256",
                    "sending_rate": "45.11"
                },
                {
                    "timestamp": "1616437468.724",
                    "sending_rate": "49.02"
                },
                {
                    "timestamp": "1616437468.928",
                    "sending_rate": "56.45"
                },
                {
                    "timestamp": "1616437469.226",
                    "sending_rate": "38.30"
                },
                {
                    "timestamp": "1616437469.444",
                    "sending_rate": "52.84"
                },
                {
                    "timestamp": "1616437469.666",
                    "sending_rate": "51.39"
                },
                {
                    "timestamp": "1616437470.002",
                    "sending_rate": "34.29"
                },
                {
                    "timestamp": "1616437470.239",
                    "sending_rate": "48.20"
                },
                {
                    "timestamp": "1616437470.483",
                    "sending_rate": "47.34"
                },
                {
                    "timestamp": "1616437470.733",
                    "sending_rate": "45.58"
                },
                {
                    "timestamp": "1616437470.991",
                    "sending_rate": "44.62"
                },
                {
                    "timestamp": "1616437471.252",
                    "sending_rate": "43.73"
                },
                {
                    "timestamp": "1616437471.644",
                    "sending_rate": "58.60"
                },
                {
                    "timestamp": "1616437471.920",
                    "sending_rate": "41.75"
                },
                {
                    "timestamp": "1616437472.205",
                    "sending_rate": "39.98"
                },
                {
                    "timestamp": "1616437472.498",
                    "sending_rate": "39.38"
                },
                {
                    "timestamp": "1616437472.921",
                    "sending_rate": "54.23"
                },
                {
                    "timestamp": "1616437473.221",
                    "sending_rate": "37.97"
                },
                {
                    "timestamp": "1616437473.644",
                    "sending_rate": "54.25"
                },
                {
                    "timestamp": "1616437473.949",
                    "sending_rate": "36.50"
                },
                {
                    "timestamp": "1616437474.376",
                    "sending_rate": "51.92"
                },
                {
                    "timestamp": "1616437474.779",
                    "sending_rate": "56.30"
                },
                {
                    "timestamp": "1616437475.032",
                    "sending_rate": "45.58"
                },
                {
                    "timestamp": "1616437475.413",
                    "sending_rate": "60.21"
                },
                {
                    "timestamp": "1616437475.673",
                    "sending_rate": "43.87"
                },
                {
                    "timestamp": "1616437475.944",
                    "sending_rate": "42.53"
                },
                {
                    "timestamp": "1616437476.352",
                    "sending_rate": "56.17"
                },
                {
                    "timestamp": "1616437476.627",
                    "sending_rate": "41.40"
                },
                {
                    "timestamp": "1616437476.913",
                    "sending_rate": "40.42"
                },
                {
                    "timestamp": "1616437477.324",
                    "sending_rate": "55.77"
                },
                {
                    "timestamp": "1616437477.616",
                    "sending_rate": "39.07"
                },
                {
                    "timestamp": "1616437478.044",
                    "sending_rate": "53.65"
                },
                {
                    "timestamp": "1616437478.313",
                    "sending_rate": "42.82"
                },
                {
                    "timestamp": "1616437478.591",
                    "sending_rate": "40.97"
                },
                {
                    "timestamp": "1616437478.872",
                    "sending_rate": "41.04"
                },
                {
                    "timestamp": "1616437479.158",
                    "sending_rate": "39.96"
                },
                {
                    "timestamp": "1616437479.575",
                    "sending_rate": "54.98"
                },
                {
                    "timestamp": "1616437479.865",
                    "sending_rate": "39.77"
                },
                {
                    "timestamp": "1616437480.155",
                    "sending_rate": "39.27"
                },
                {
                    "timestamp": "1616437480.442",
                    "sending_rate": "40.20"
                },
                {
                    "timestamp": "1616437480.733",
                    "sending_rate": "39.16"
                },
                {
                    "timestamp": "1616437481.029",
                    "sending_rate": "39.07"
                },
                {
                    "timestamp": "1616437481.454",
                    "sending_rate": "53.67"
                },
                {
                    "timestamp": "1616437481.744",
                    "sending_rate": "39.75"
                },
                {
                    "timestamp": "1616437482.039",
                    "sending_rate": "38.66"
                },
                {
                    "timestamp": "1616437482.339",
                    "sending_rate": "38.39"
                },
                {
                    "timestamp": "1616437482.768",
                    "sending_rate": "53.46"
                },
                {
                    "timestamp": "1616437483.058",
                    "sending_rate": "39.31"
                },
                {
                    "timestamp": "1616437483.355",
                    "sending_rate": "38.84"
                },
                {
                    "timestamp": "1616437483.654",
                    "sending_rate": "38.22"
                },
                {
                    "timestamp": "1616437484.083",
                    "sending_rate": "53.47"
                },
                {
                    "timestamp": "1616437484.379",
                    "sending_rate": "38.91"
                },
                {
                    "timestamp": "1616437484.672",
                    "sending_rate": "38.94"
                },
                {
                    "timestamp": "1616437484.968",
                    "sending_rate": "38.90"
                },
                {
                    "timestamp": "1616437485.397",
                    "sending_rate": "53.45"
                },
                {
                    "timestamp": "1616437485.688",
                    "sending_rate": "39.22"
                },
                {
                    "timestamp": "1616437485.985",
                    "sending_rate": "38.89"
                },
                {
                    "timestamp": "1616437486.284",
                    "sending_rate": "38.11"
                },
                {
                    "timestamp": "1616437486.714",
                    "sending_rate": "53.33"
                },
                {
                    "timestamp": "1616437487.008",
                    "sending_rate": "39.29"
                },
                {
                    "timestamp": "1616437487.306",
                    "sending_rate": "38.21"
                },
                {
                    "timestamp": "1616437487.738",
                    "sending_rate": "53.06"
                },
                {
                    "timestamp": "1616437488.035",
                    "sending_rate": "38.92"
                },
                {
                    "timestamp": "1616437488.337",
                    "sending_rate": "37.76"
                },
                {
                    "timestamp": "1616437488.774",
                    "sending_rate": "52.46"
                },
                {
                    "timestamp": "1616437489.072",
                    "sending_rate": "38.71"
                },
                {
                    "timestamp": "1616437489.518",
                    "sending_rate": "51.39"
                },
                {
                    "timestamp": "1616437489.823",
                    "sending_rate": "37.40"
                },
                {
                    "timestamp": "1616437490.137",
                    "sending_rate": "36.81"
                },
                {
                    "timestamp": "1616437490.575",
                    "sending_rate": "52.27"
                },
                {
                    "timestamp": "1616437490.875",
                    "sending_rate": "38.05"
                },
                {
                    "timestamp": "1616437491.173",
                    "sending_rate": "38.76"
                },
                {
                    "timestamp": "1616437491.483",
                    "sending_rate": "36.79"
                },
                {
                    "timestamp": "1616437491.798",
                    "sending_rate": "36.59"
                },
                {
                    "timestamp": "1616437492.250",
                    "sending_rate": "50.77"
                },
                {
                    "timestamp": "1616437492.573",
                    "sending_rate": "35.30"
                },
                {
                    "timestamp": "1616437492.897",
                    "sending_rate": "35.58"
                },
                {
                    "timestamp": "1616437493.229",
                    "sending_rate": "34.35"
                },
                {
                    "timestamp": "1616437493.701",
                    "sending_rate": "48.56"
                },
                {
                    "timestamp": "1616437494.042",
                    "sending_rate": "33.86"
                },
                {
                    "timestamp": "1616437494.392",
                    "sending_rate": "32.60"
                },
                {
                    "timestamp": "1616437494.882",
                    "sending_rate": "46.74"
                },
                {
                    "timestamp": "1616437495.239",
                    "sending_rate": "32.31"
                },
                {
                    "timestamp": "1616437495.617",
                    "sending_rate": "30.21"
                },
                {
                    "timestamp": "1616437495.939",
                    "sending_rate": "35.74"
                },
                {
                    "timestamp": "1616437496.282",
                    "sending_rate": "33.25"
                },
                {
                    "timestamp": "1616437496.720",
                    "sending_rate": "26.38"
                },
                {
                    "timestamp": "1616437496.724",
                    "sending_rate": "2666.08"
                }
            ]
        },
        {
            "10.0.4.1:46497": [
                {
                    "meta": true,
                    "start_time": "0",
                    "stop_time": "30"
                },
                {
                    "timestamp": "1616437466.997",
                    "sending_rate": "51.52"
                },
                {
                    "timestamp": "1616437467.255",
                    "sending_rate": "42.10"
                },
                {
                    "timestamp": "1616437467.620",
                    "sending_rate": "35.91"
                },
                {
                    "timestamp": "1616437467.829",
                    "sending_rate": "35.16"
                },
                {
                    "timestamp": "1616437468.216",
                    "sending_rate": "41.68"
                },
                {
                    "timestamp": "1616437468.478",
                    "sending_rate": "33.46"
                },
                {
                    "timestamp": "1616437468.975",
                    "sending_rate": "41.17"
                },
                {
                    "timestamp": "1616437469.332",
                    "sending_rate": "31.99"
                },
                {
                    "timestamp": "1616437469.712",
                    "sending_rate": "30.32"
                },
                {
                    "timestamp": "1616437470.119",
                    "sending_rate": "28.02"
                },
                {
                    "timestamp": "1616437470.394",
                    "sending_rate": "41.87"
                },
                {
                    "timestamp": "1616437470.847",
                    "sending_rate": "25.17"
                },
                {
                    "timestamp": "1616437471.146",
                    "sending_rate": "38.13"
                },
                {
                    "timestamp": "1616437471.454",
                    "sending_rate": "37.49"
                },
                {
                    "timestamp": "1616437471.772",
                    "sending_rate": "35.89"
                },
                {
                    "timestamp": "1616437472.314",
                    "sending_rate": "21.29"
                },
                {
                    "timestamp": "1616437472.663",
                    "sending_rate": "32.68"
                },
                {
                    "timestamp": "1616437473.023",
                    "sending_rate": "32.02"
                },
                {
                    "timestamp": "1616437473.393",
                    "sending_rate": "30.84"
                },
                {
                    "timestamp": "1616437473.775",
                    "sending_rate": "30.14"
                },
                {
                    "timestamp": "1616437474.172",
                    "sending_rate": "28.75"
                },
                {
                    "timestamp": "1616437474.584",
                    "sending_rate": "28.01"
                },
                {
                    "timestamp": "1616437474.923",
                    "sending_rate": "33.58"
                },
                {
                    "timestamp": "1616437475.251",
                    "sending_rate": "35.19"
                },
                {
                    "timestamp": "1616437475.801",
                    "sending_rate": "20.73"
                },
                {
                    "timestamp": "1616437476.147",
                    "sending_rate": "33.35"
                },
                {
                    "timestamp": "1616437476.502",
                    "sending_rate": "32.13"
                },
                {
                    "timestamp": "1616437477.103",
                    "sending_rate": "19.18"
                },
                {
                    "timestamp": "1616437477.475",
                    "sending_rate": "30.65"
                },
                {
                    "timestamp": "1616437477.850",
                    "sending_rate": "30.76"
                },
                {
                    "timestamp": "1616437478.157",
                    "sending_rate": "37.17"
                },
                {
                    "timestamp": "1616437478.448",
                    "sending_rate": "39.67"
                },
                {
                    "timestamp": "1616437478.751",
                    "sending_rate": "37.65"
                },
                {
                    "timestamp": "1616437479.057",
                    "sending_rate": "37.62"
                },
                {
                    "timestamp": "1616437479.367",
                    "sending_rate": "36.79"
                },
                {
                    "timestamp": "1616437479.681",
                    "sending_rate": "36.82"
                },
                {
                    "timestamp": "1616437479.997",
                    "sending_rate": "36.04"
                },
                {
                    "timestamp": "1616437480.316",
                    "sending_rate": "36.15"
                },
                {
                    "timestamp": "1616437480.638",
                    "sending_rate": "35.39"
                },
                {
                    "timestamp": "1616437480.962",
                    "sending_rate": "35.57"
                },
                {
                    "timestamp": "1616437481.288",
                    "sending_rate": "35.03"
                },
                {
                    "timestamp": "1616437481.615",
                    "sending_rate": "35.33"
                },
                {
                    "timestamp": "1616437481.941",
                    "sending_rate": "34.92"
                },
                {
                    "timestamp": "1616437482.271",
                    "sending_rate": "34.97"
                },
                {
                    "timestamp": "1616437482.598",
                    "sending_rate": "34.82"
                },
                {
                    "timestamp": "1616437482.926",
                    "sending_rate": "35.18"
                },
                {
                    "timestamp": "1616437483.254",
                    "sending_rate": "34.79"
                },
                {
                    "timestamp": "1616437483.582",
                    "sending_rate": "35.15"
                },
                {
                    "timestamp": "1616437483.911",
                    "sending_rate": "34.71"
                },
                {
                    "timestamp": "1616437484.239",
                    "sending_rate": "35.11"
                },
                {
                    "timestamp": "1616437484.568",
                    "sending_rate": "34.65"
                },
                {
                    "timestamp": "1616437484.898",
                    "sending_rate": "35.00"
                },
                {
                    "timestamp": "1616437485.228",
                    "sending_rate": "34.55"
                },
                {
                    "timestamp": "1616437485.559",
                    "sending_rate": "34.85"
                },
                {
                    "timestamp": "1616437485.891",
                    "sending_rate": "34.35"
                },
                {
                    "timestamp": "1616437486.224",
                    "sending_rate": "34.62"
                },
                {
                    "timestamp": "1616437486.559",
                    "sending_rate": "34.08"
                },
                {
                    "timestamp": "1616437486.895",
                    "sending_rate": "34.30"
                },
                {
                    "timestamp": "1616437487.233",
                    "sending_rate": "33.77"
                },
                {
                    "timestamp": "1616437487.572",
                    "sending_rate": "33.95"
                },
                {
                    "timestamp": "1616437487.914",
                    "sending_rate": "33.35"
                },
                {
                    "timestamp": "1616437488.260",
                    "sending_rate": "33.40"
                },
                {
                    "timestamp": "1616437488.608",
                    "sending_rate": "32.74"
                },
                {
                    "timestamp": "1616437488.959",
                    "sending_rate": "32.83"
                },
                {
                    "timestamp": "1616437489.315",
                    "sending_rate": "32.04"
                },
                {
                    "timestamp": "1616437489.678",
                    "sending_rate": "31.77"
                },
                {
                    "timestamp": "1616437490.043",
                    "sending_rate": "31.25"
                },
                {
                    "timestamp": "1616437490.414",
                    "sending_rate": "31.08"
                },
                {
                    "timestamp": "1616437490.726",
                    "sending_rate": "36.60"
                },
                {
                    "timestamp": "1616437491.017",
                    "sending_rate": "39.64"
                },
                {
                    "timestamp": "1616437491.319",
                    "sending_rate": "37.72"
                },
                {
                    "timestamp": "1616437491.626",
                    "sending_rate": "37.58"
                },
                {
                    "timestamp": "1616437491.835",
                    "sending_rate": "54.58"
                },
                {
                    "timestamp": "1616437492.065",
                    "sending_rate": "50.17"
                },
                {
                    "timestamp": "1616437492.386",
                    "sending_rate": "35.47"
                },
                {
                    "timestamp": "1616437492.714",
                    "sending_rate": "35.18"
                },
                {
                    "timestamp": "1616437493.046",
                    "sending_rate": "34.35"
                },
                {
                    "timestamp": "1616437493.382",
                    "sending_rate": "34.37"
                },
                {
                    "timestamp": "1616437493.850",
                    "sending_rate": "48.94"
                },
                {
                    "timestamp": "1616437494.197",
                    "sending_rate": "32.89"
                },
                {
                    "timestamp": "1616437494.545",
                    "sending_rate": "33.15"
                },
                {
                    "timestamp": "1616437495.027",
                    "sending_rate": "47.64"
                },
                {
                    "timestamp": "1616437495.346",
                    "sending_rate": "35.69"
                },
                {
                    "timestamp": "1616437495.739",
                    "sending_rate": "58.35"
                },
                {
                    "timestamp": "1616437495.988",
                    "sending_rate": "45.86"
                },
                {
                    "timestamp": "1616437496.234",
                    "sending_rate": "46.93"
                },
                {
                    "timestamp": "1616437496.614",
                    "sending_rate": "60.29"
                },
                {
                    "timestamp": "1616437496.735",
                    "sending_rate": "93.35"
                }
            ]
        }
    ]
}