{
    "a": [
        {
            "10.0.4.1": [
                {
                    "meta": true,
                    "start_time": "0",
                    "stop_time": "30"
                },
                {
                    "timestamp": "1616437466.665721",
                    "rtt": "30.1"
                },
                {
                    "timestamp": "1616437466.865990",
                    "rtt": "30.0"
                },
                {
                    "timestamp": "1616437467.114375",
                    "rtt": "78.1"
                },
                {
                    "timestamp": "1616437467.324034",
                    "rtt": "87.5"
                },
                {
                    "timestamp": "1616437467.534782",
                    "rtt": "97.6"
                },
                {
                    "timestamp": "1616437467.745537",
                    "rtt": "108"
                },
                {
                    "timestamp": "1616437467.956309",
                    "rtt": "118"
                },
                {
                    "timestamp": "1616437468.166448",
                    "rtt": "127"
                },
                {
                    "timestamp": "1616437468.376852",
                    "rtt": "137"
                },
                {
                    "timestamp": "1616437468.587961",
                    "rtt": "148"
                },
                {
                    "timestamp": "1616437468.797870",
                    "rtt": "158"
                },
                {
                    "timestamp": "1616437469.008159",
                    "rtt": "167"
                },
                {
                    "timestamp": "1616437469.218071",
                    "rtt": "178"
                },
                {
                    "timestamp": "1616437469.428842",
                    "rtt": "188"
                },
                {
                    "timestamp": "1616437469.639965",
                    "rtt": "198"
                },
                {
                    "timestamp": "1616437469.849869",
                    "rtt": "208"
                },
                {
                    "timestamp": "1616437470.063286",
                    "rtt": "218"
                },
                {
                    "timestamp": "1616437470.274039",
                    "rtt": "228"
                },
                {
                    "timestamp": "1616437470.485165",
                    "rtt": "239"
                },
                {
                    "timestamp": "1616437470.695256",
                    "rtt": "248"
                },
                {
                    "timestamp": "1616437470.907895",
                    "rtt": "259"
                },
                {
                    "timestamp": "1616437471.117196",
                    "rtt": "268"
                },
                {
                    "timestamp": "1616437471.327862",
                    "rtt": "278"
                },
                {
                    "timestamp": "1616437471.538472",
                    "rtt": "288"
                },
                {
                    "timestamp": "1616437471.749493",
                    "rtt": "298"
                },
                {
                    "timestamp": "1616437471.960001",
                    "rtt": "308"
                },
                {
                    "timestamp": "1616437472.170403",
                    "rtt": "318"
                },
                {
                    "timestamp": "1616437472.381637",
                    "rtt": "328"
                },
                {
                    "timestamp": "1616437472.592521",
                    "rtt": "339"
                },
                {
                    "timestamp": "1616437472.801593",
                    "rtt": "348"
                },
                {
                    "timestamp": "1616437473.012242",
                    "rtt": "358"
                },
                {
                    "timestamp": "1616437473.217171",
                    "rtt": "361"
                },
                {
                    "timestamp": "1616437473.424454",
                    "rtt": "369"
                },
                {
                    "timestamp": "1616437473.632389",
                    "rtt": "376"
                },
                {
                    "timestamp": "1616437473.837197",
                    "rtt": "381"
                },
                {
                    "timestamp": "1616437474.048119",
                    "rtt": "391"
                },
                {
                    "timestamp": "1616437474.251712",
                    "rtt": "393"
                },
                {
                    "timestamp": "1616437474.458337",
                    "rtt": "400"
                },
                {
                    "timestamp": "1616437474.650587",
                    "rtt": "389"
                },
                {
                    "timestamp": "1616437474.813789",
                    "rtt": "345"
                },
                {
                    "timestamp": "1616437474.969704",
                    "rtt": "301"
                },
                {
                    "timestamp": "1616437475.158276",
                    "rtt": "289"
                },
                {
                    "timestamp": "1616437475.365624",
                    "rtt": "296"
                },
                {
                    "timestamp": "1616437475.571321",
                    "rtt": "301"
                },
                {
                    "timestamp": "1616437475.777356",
                    "rtt": "307"
                },
                {
                    "timestamp": "1616437475.985313",
                    "rtt": "314"
                },
                {
                    "timestamp": "1616437476.193889",
                    "rtt": "321"
                },
                {
                    "timestamp": "1616437476.402249",
                    "rtt": "329"
                },
                {
                    "timestamp": "1616437476.607459",
                    "rtt": "333"
                },
                {
                    "timestamp": "1616437476.812937",
                    "rtt": "339"
                },
                {
                    "timestamp": "1616437477.016634",
                    "rtt": "342"
                },
                {
                    "timestamp": "1616437477.221466",
                    "rtt": "346"
                },
                {
                    "timestamp": "1616437477.426024",
                    "rtt": "351"
                },
                {
                    "timestamp": "1616437477.631697",
                    "rtt": "356"
                },
                {
                    "timestamp": "1616437477.836027",
                    "rtt": "360"
                },
                {
                    "timestamp": "1616437478.017895",
                    "rtt": "341"
                },
                {
                    "timestamp": "1616437478.179658",
                    "rtt": "302"
                },
                {
                    "timestamp": "1616437478.365603",
                    "rtt": "289"
                },
                {
                    "timestamp": "1616437478.569311",
                    "rtt": "291"
                },
                {
                    "timestamp": "1616437478.773037",
                    "rtt": "294"
                },
                {
                    "timestamp": "1616437478.977719",
                    "rtt": "298"
                },
                {
                    "timestamp": "1616437479.181240",
                    "rtt": "301"
                },
                {
                    "timestamp": "1616437479.384509",
                    "rtt": "304"
                },
                {
                    "timestamp": "1616437479.589173",
                    "rtt": "308"
                },
                {
                    "timestamp": "1616437479.791500",
                    "rtt": "310"
                },
                {
                    "timestamp": "1616437479.994208",
                    "rtt": "312"
                },
                {
                    "timestamp": "1616437480.197840",
                    "rtt": "315"
                },
                {
                    "timestamp": "1616437480.400580",
                    "rtt": "317"
                },
                {
                    "timestamp": "1616437480.603100",
                    "rtt": "319"
                },
                {
                    "timestamp": "1616437480.805910",
                    "rtt": "321"
                },
                {
                    "timestamp": "1616437481.007678",
                    "rtt": "322"
                },
                {
                    "timestamp": "1616437481.209621",
                    "rtt": "324"
                },
                {
                    "timestamp": "1616437481.410413",
                    "rtt": "325"
                },
                {
                    "timestamp": "1616437481.611741",
                    "rtt": "325"
                },
                {
                    "timestamp": "1616437481.812809",
                    "rtt": "325"
                },
                {
                    "timestamp": "1616437482.013993",
                    "rtt": "326"
                },
                {
                    "timestamp": "1616437482.215165",
                    "rtt": "326"
                },
                {
                    "timestamp": "1616437482.417562",
                    "rtt": "329"
                },
                {
                    "timestamp": "1616437482.615361",
                    "rtt": "327"
                },
                {
                    "timestamp": "1616437482.816292",
                    "rtt": "328"
                },
                {
                    "timestamp": "1616437483.016779",
                    "rtt": "327"
                },
                {
                    "timestamp": "1616437483.217823",
                    "rtt": "327"
                },
                {
                    "timestamp": "1616437483.417546",
                    "rtt": "328"
                },
                {
                    "timestamp": "1616437483.618680",
                    "rtt": "328"
                },
                {
                    "timestamp": "1616437483.819213",
                    "rtt": "328"
                },
                {
                    "timestamp": "1616437484.019924",
                    "rtt": "328"
                },
                {
                    "timestamp": "1616437484.220373",
                    "rtt": "328"
                },
                {
                    "timestamp": "1616437484.420716",
                    "rtt": "329"
                },
                {
                    "timestamp": "1616437484.621234",
                    "rtt": "329"
                },
                {
                    "timestamp": "1616437484.821936",
                    "rtt": "329"
                },
                {
                    "timestamp": "1616437485.022913",
                    "rtt": "330"
                },
                {
                    "timestamp": "1616437485.223622",
                    "rtt": "330"
                },
                {
                    "timestamp": "1616437485.424428",
                    "rtt": "330"
                },
                {
                    "timestamp": "1616437485.625356",
                    "rtt": "331"
                },
                {
                    "timestamp": "1616437485.827433",
                    "rtt": "332"
                },
                {
                    "timestamp": "1616437486.028964",
                    "rtt": "332"
                },
                {
                    "timestamp": "1616437486.230640",
                    "rtt": "333"
                },
                {
                    "timestamp": "1616437486.431201",
                    "rtt": "334"
                },
                {
                    "timestamp": "1616437486.632539",
                    "rtt": "335"
                },
                {
                    "timestamp": "1616437486.834697",
                    "rtt": "336"
                },
                {
                    "timestamp": "1616437487.036114",
                    "rtt": "337"
                },
                {
                    "timestamp": "1616437487.237414",
                    "rtt": "339"
                },
                {
                    "timestamp": "1616437487.438718",
                    "rtt": "341"
                },
                {
                    "timestamp": "1616437487.640031",
                    "rtt": "341"
                },
                {
                    "timestamp": "1616437487.842538",
                    "rtt": "344"
                },
                {
                    "timestamp": "1616437488.044706",
                    "rtt": "346"
                },
                {
                    "timestamp": "1616437488.247354",
                    "rtt": "348"
                },
                {
                    "timestamp": "1616437488.448319",
                    "rtt": "349"
                },
                {
                    "timestamp": "1616437488.651187",
                    "rtt": "352"
                },
                {
                    "timestamp": "1616437488.855629",
                    "rtt": "355"
                },
                {
                    "timestamp": "1616437489.058632",
                    "rtt": "357"
                },
                {
                    "timestamp": "1616437489.262640",
                    "rtt": "361"
                },
                {
                    "timestamp": "1616437489.467192",
                    "rtt": "365"
                },
                {
                    "timestamp": "1616437489.672024",
                    "rtt": "369"
                },
                {
                    "timestamp": "1616437489.874395",
                    "rtt": "371"
                },
                {
                    "timestamp": "1616437490.077741",
                    "rtt": "374"
                },
                {
                    "timestamp": "1616437490.283530",
                    "rtt": "379"
                },
                {
                    "timestamp": "1616437490.486190",
                    "rtt": "382"
                },
                {
                    "timestamp": "1616437490.637259",
                    "rtt": "333"
                },
                {
                    "timestamp": "1616437490.817925",
                    "rtt": "313"
                },
                {
                    "timestamp": "1616437491.017247",
                    "rtt": "312"
                },
                {
                    "timestamp": "1616437491.222659",
                    "rtt": "317"
                },
                {
                    "timestamp": "1616437491.426044",
                    "rtt": "321"
                },
                {
                    "timestamp": "1616437491.632581",
                    "rtt": "327"
                },
                {
                    "timestamp": "1616437491.838841",
                    "rtt": "333"
                },
                {
                    "timestamp": "1616437492.044038",
                    "rtt": "337"
                },
                {
                    "timestamp": "1616437492.250060",
                    "rtt": "343"
                },
                {
                    "timestamp": "1616437492.454520",
                    "rtt": "348"
                },
                {
                    "timestamp": "1616437492.660917",
                    "rtt": "354"
                },
                {
                    "timestamp": "1616437492.866948",
                    "rtt": "359"
                },
                {
                    "timestamp": "1616437493.072654",
                    "rtt": "365"
                },
                {
                    "timestamp": "1616437493.278889",
                    "rtt": "370"
                },
                {
                    "timestamp": "1616437493.483768",
                    "rtt": "375"
                },
                {
                    "timestamp": "1616437493.688658",
                    "rtt": "380"
                },
                {
                    "timestamp": "1616437493.895128",
                    "rtt": "385"
                },
                {
                    "timestamp": "1616437494.100428",
                    "rtt": "390"
                },
                {
                    "timestamp": "1616437494.306269",
                    "rtt": "395"
                },
                {
                    "timestamp": "1616437494.509158",
                    "rtt": "399"
                },
                {
                    "timestamp": "1616437494.721847",
                    "rtt": "405"
                },
                {
                    "timestamp": "1616437494.927666",
                    "rtt": "408"
                },
                {
                    "timestamp": "1616437495.137322",
                    "rtt": "416"
                },
                {
                    "timestamp": "1616437495.318509",
                    "rtt": "393"
                },
                {
                    "timestamp": "1616437495.516202",
                    "rtt": "390"
                },
                {
                    "timestamp": "1616437495.678374",
                    "rtt": "350"
                },
                {
                    "timestamp": "1616437495.837359",
                    "rtt": "308"
                },
                {
                    "timestamp": "1616437495.993115",
                    "rtt": "264"
                },
                {
                    "timestamp": "1616437496.196494",
                    "rtt": "266"
                },
                {
                    "timestamp": "1616437496.402280",
                    "rtt": "271"
                },
                {
                    "timestamp": "1616437496.607350",
                    "rtt": "276"
                }
            ]
        }
    ]
}