{
    "node-0": [
        {
            "10.0.8.1:42221": [
                {
                    "meta": true,
                    "start_time": "0",
                    "stop_time": "30"
                },
                {
                    "timestamp": "1616909941.024",
                    "sending_rate": "0.54"
                },
                {
                    "timestamp": "1616909941.525",
                    "sending_rate": "1.05"
                },
                {
                    "timestamp": "1616909941.772",
                    "sending_rate": "7.96"
                },
                {
                    "timestamp": "1616909942.064",
                    "sending_rate": "12.08"
                },
                {
                    "timestamp": "1616909942.275",
                    "sending_rate": "14.91"
                },
                {
                    "timestamp": "1616909942.765",
                    "sending_rate": "8.30"
                },
                {
                    "timestamp": "1616909943.774",
                    "sending_rate": "4.68"
                },
                {
                    "timestamp": "1616909944.904",
                    "sending_rate": "4.64"
                },
                {
                    "timestamp": "1616909946.048",
                    "sending_rate": "5.04"
                },
                {
                    "timestamp": "1616909946.947",
                    "sending_rate": "6.27"
                },
                {
                    "timestamp": "1616909948.365",
                    "sending_rate": "4.44"
                },
                {
                    "timestamp": "1616909949.814",
                    "sending_rate": "5.07"
                },
                {
                    "timestamp": "1616909950.890",
                    "sending_rate": "7.18"
                },
                {
                    "timestamp": "1616909951.918",
                    "sending_rate": "9.18"
                },
                {
                    "timestamp": "1616909954.121",
                    "sending_rate": "5.24"
                },
                {
                    "timestamp": "1616909956.313",
                    "sending_rate": "5.20"
                },
                {
                    "timestamp": "1616909958.740",
                    "sending_rate": "4.75"
                },
                {
                    "timestamp": "1616909960.001",
                    "sending_rate": "17.57"
                },
                {
                    "timestamp": "1616909961.331",
                    "sending_rate": "8.67"
                },
                {
                    "timestamp": "1616909962.713",
                    "sending_rate": "8.25"
                },
                {
                    "timestamp": "1616909965.299",
                    "sending_rate": "4.46"
                },
                {
                    "timestamp": "1616909966.068",
                    "sending_rate": "14.83"
                },
                {
                    "timestamp": "1616909967.211",
                    "sending_rate": "15.13"
                },
                {
                    "timestamp": "1616909969.100",
                    "sending_rate": "6.04"
                },
                {
                    "timestamp": "1616909970.386",
                    "sending_rate": "8.97"
                },
                {
                    "timestamp": "1616909970.783",
                    "sending_rate": "28.41"
                }
            ]
        },
        {
            "10.0.8.1:33689": [
                {
                    "meta": true,
                    "start_time": "0",
                    "stop_time": "30"
                },
                {
                    "timestamp": "1616909941.024",
                    "sending_rate": "0.54"
                },
                {
                    "timestamp": "1616909941.515",
                    "sending_rate": "1.07"
                },
                {
                    "timestamp": "1616909941.752",
                    "sending_rate": "8.28"
                },
                {
                    "timestamp": "1616909942.020",
                    "sending_rate": "12.74"
                },
                {
                    "timestamp": "1616909942.238",
                    "sending_rate": "14.45"
                },
                {
                    "timestamp": "1616909942.515",
                    "sending_rate": "39.63"
                },
                {
                    "timestamp": "1616909942.978",
                    "sending_rate": "21.23"
                },
                {
                    "timestamp": "1616909943.839",
                    "sending_rate": "13.41"
                },
                {
                    "timestamp": "1616909944.612",
                    "sending_rate": "14.73"
                },
                {
                    "timestamp": "1616909945.364",
                    "sending_rate": "15.35"
                },
                {
                    "timestamp": "1616909946.151",
                    "sending_rate": "14.48"
                },
                {
                    "timestamp": "1616909947.012",
                    "sending_rate": "13.41"
                },
                {
                    "timestamp": "1616909947.790",
                    "sending_rate": "14.65"
                },
                {
                    "timestamp": "1616909948.576",
                    "sending_rate": "14.67"
                },
                {
                    "timestamp": "1616909949.371",
                    "sending_rate": "14.34"
                },
                {
                    "timestamp": "1616909950.177",
                    "sending_rate": "14.32"
                },
                {
                    "timestamp": "1616909951.002",
                    "sending_rate": "13.81"
                },
                {
                    "timestamp": "1616909951.724",
                    "sending_rate": "15.98"
                },
                {
                    "timestamp": "1616909952.551",
                    "sending_rate": "13.78"
                },
                {
                    "timestamp": "1616909953.477",
                    "sending_rate": "12.46"
                },
                {
                    "timestamp": "1616909954.369",
                    "sending_rate": "12.79"
                },
                {
                    "timestamp": "1616909955.138",
                    "sending_rate": "14.31"
                },
                {
                    "timestamp": "1616909956.076",
                    "sending_rate": "11.32"
                },
                {
                    "timestamp": "1616909957.860",
                    "sending_rate": "5.80"
                },
                {
                    "timestamp": "1616909958.842",
                    "sending_rate": "11.09"
                },
                {
                    "timestamp": "1616909959.897",
                    "sending_rate": "18.63"
                },
                {
                    "timestamp": "1616909960.993",
                    "sending_rate": "10.40"
                },
                {
                    "timestamp": "1616909962.131",
                    "sending_rate": "10.14"
                },
                {
                    "timestamp": "1616909963.287",
                    "sending_rate": "9.87"
                },
                {
                    "timestamp": "1616909965.042",
                    "sending_rate": "6.27"
                },
                {
                    "timestamp": "1616909966.271",
                    "sending_rate": "7.90"
                },
                {
                    "timestamp": "1616909967.152",
                    "sending_rate": "25.58"
                },
                {
                    "timestamp": "1616909968.069",
                    "sending_rate": "12.43"
                },
                {
                    "timestamp": "1616909968.992",
                    "sending_rate": "12.50"
                },
                {
                    "timestamp": "1616909969.928",
                    "sending_rate": "12.18"
                },
                {
                    "timestamp": "1616909970.783",
                    "sending_rate": "13.35"
                }
            ]
        }
    ]
}