{
    "node-0": [
        {
            "10.0.8.1": [
                {
                    "meta": true,
                    "start_time": "0",
                    "stop_time": "30"
                },
                {
                    "timestamp": "1616909940.272057",
                    "rtt": "241"
                },
                {
                    "timestamp": "1616909940.473511",
                    "rtt": "242"
                },
                {
                    "timestamp": "1616909940.674278",
                    "rtt": "242"
                },
                {
                    "timestamp": "1616909940.874419",
                    "rtt": "241"
                },
                {
                    "timestamp": "1616909941.075772",
                    "rtt": "242"
                },
                {
                    "timestamp": "1616909941.276906",
                    "rtt": "242"
                },
                {
                    "timestamp": "1616909941.477402",
                    "rtt": "241"
                },
                {
                    "timestamp": "1616909941.678707",
                    "rtt": "241"
                },
                {
                    "timestamp": "1616909941.878265",
                    "rtt": "241"
                },
                {
                    "timestamp": "1616909942.084274",
                    "rtt": "246"
                },
                {
                    "timestamp": "1616909942.330207",
                    "rtt": "291"
                },
                {
                    "timestamp": "1616909942.492100",
                    "rtt": "252"
                },
                {
                    "timestamp": "1616909942.774324",
                    "rtt": "334"
                },
                {
                    "timestamp": "1616909943.093300",
                    "rtt": "452"
                },
                {
                    "timestamp": "1616909943.361971",
                    "rtt": "519"
                },
                {
                    "timestamp": "1616909943.574567",
                    "rtt": "530"
                },
                {
                    "timestamp": "1616909943.783517",
                    "rtt": "539"
                },
                {
                    "timestamp": "1616909943.995122",
                    "rtt": "550"
                },
                {
                    "timestamp": "1616909944.204535",
                    "rtt": "559"
                },
                {
                    "timestamp": "1616909944.416633",
                    "rtt": "570"
                },
                {
                    "timestamp": "1616909944.624916",
                    "rtt": "577"
                },
                {
                    "timestamp": "1616909944.836659",
                    "rtt": "589"
                },
                {
                    "timestamp": "1616909945.046697",
                    "rtt": "599"
                },
                {
                    "timestamp": "1616909945.257674",
                    "rtt": "609"
                },
                {
                    "timestamp": "1616909945.468363",
                    "rtt": "619"
                },
                {
                    "timestamp": "1616909945.686818",
                    "rtt": "630"
                },
                {
                    "timestamp": "1616909945.896603",
                    "rtt": "639"
                },
                {
                    "timestamp": "1616909946.111673",
                    "rtt": "652"
                },
                {
                    "timestamp": "1616909946.324254",
                    "rtt": "663"
                },
                {
                    "timestamp": "1616909946.537650",
                    "rtt": "676"
                },
                {
                    "timestamp": "1616909946.745566",
                    "rtt": "684"
                },
                {
                    "timestamp": "1616909946.954031",
                    "rtt": "691"
                },
                {
                    "timestamp": "1616909947.163352",
                    "rtt": "700"
                },
                {
                    "timestamp": "1616909947.373902",
                    "rtt": "710"
                },
                {
                    "timestamp": "1616909947.583286",
                    "rtt": "718"
                },
                {
                    "timestamp": "1616909947.796555",
                    "rtt": "731"
                },
                {
                    "timestamp": "1616909948.006515",
                    "rtt": "741"
                },
                {
                    "timestamp": "1616909948.217534",
                    "rtt": "751"
                },
                {
                    "timestamp": "1616909948.428262",
                    "rtt": "762"
                },
                {
                    "timestamp": "1616909948.637223",
                    "rtt": "770"
                },
                {
                    "timestamp": "1616909948.845587",
                    "rtt": "779"
                },
                {
                    "timestamp": "1616909949.057659",
                    "rtt": "790"
                },
                {
                    "timestamp": "1616909949.268718",
                    "rtt": "800"
                },
                {
                    "timestamp": "1616909949.479554",
                    "rtt": "810"
                },
                {
                    "timestamp": "1616909949.690424",
                    "rtt": "820"
                },
                {
                    "timestamp": "1616909949.901768",
                    "rtt": "832"
                },
                {
                    "timestamp": "1616909950.119930",
                    "rtt": "841"
                },
                {
                    "timestamp": "1616909950.330946",
                    "rtt": "851"
                },
                {
                    "timestamp": "1616909950.545261",
                    "rtt": "861"
                },
                {
                    "timestamp": "1616909950.759261",
                    "rtt": "874"
                },
                {
                    "timestamp": "1616909950.979101",
                    "rtt": "894"
                },
                {
                    "timestamp": "1616909951.194718",
                    "rtt": "908"
                },
                {
                    "timestamp": "1616909951.411763",
                    "rtt": "924"
                },
                {
                    "timestamp": "1616909951.624724",
                    "rtt": "937"
                },
                {
                    "timestamp": "1616909951.844442",
                    "rtt": "956"
                },
                {
                    "timestamp": "1616909952.057366",
                    "rtt": "968"
                },
                {
                    "timestamp": "1616909952.276188",
                    "rtt": "986"
                },
                {
                    "timestamp": "1616909952.490510",
                    "rtt": "999"
                },
                {
                    "timestamp": "1616909952.709043",
                    "rtt": "1017"
                },
                {
                    "timestamp": "1616909952.935472",
                    "rtt": "1043"
                },
                {
                    "timestamp": "1616909953.151324",
                    "rtt": "1059"
                },
                {
                    "timestamp": "1616909953.369424",
                    "rtt": "1076"
                },
                {
                    "timestamp": "1616909953.588657",
                    "rtt": "1088"
                },
                {
                    "timestamp": "1616909953.814595",
                    "rtt": "1111"
                },
                {
                    "timestamp": "1616909954.042262",
                    "rtt": "1138"
                },
                {
                    "timestamp": "1616909954.265969",
                    "rtt": "1161"
                },
                {
                    "timestamp": "1616909954.475448",
                    "rtt": "1170"
                },
                {
                    "timestamp": "1616909954.701427",
                    "rtt": "1195"
                },
                {
                    "timestamp": "1616909954.915661",
                    "rtt": "1209"
                },
                {
                    "timestamp": "1616909955.141025",
                    "rtt": "1233"
                },
                {
                    "timestamp": "1616909955.383319",
                    "rtt": "1276"
                },
                {
                    "timestamp": "1616909955.601621",
                    "rtt": "1293"
                },
                {
                    "timestamp": "1616909955.818525",
                    "rtt": "1310"
                },
                {
                    "timestamp": "1616909956.043643",
                    "rtt": "1332"
                },
                {
                    "timestamp": "1616909956.267891",
                    "rtt": "1352"
                },
                {
                    "timestamp": "1616909956.451823",
                    "rtt": "1332"
                },
                {
                    "timestamp": "1616909956.892343",
                    "rtt": "1372"
                },
                {
                    "timestamp": "1616909957.093911",
                    "rtt": "1373"
                },
                {
                    "timestamp": "1616909957.296957",
                    "rtt": "1375"
                },
                {
                    "timestamp": "1616909957.489484",
                    "rtt": "1367"
                },
                {
                    "timestamp": "1616909957.694230",
                    "rtt": "1372"
                },
                {
                    "timestamp": "1616909957.861450",
                    "rtt": "1338"
                },
                {
                    "timestamp": "1616909957.992323",
                    "rtt": "1268"
                },
                {
                    "timestamp": "1616909958.131619",
                    "rtt": "1207"
                },
                {
                    "timestamp": "1616909958.179774",
                    "rtt": "1056"
                },
                {
                    "timestamp": "1616909958.286908",
                    "rtt": "962"
                },
                {
                    "timestamp": "1616909958.311120",
                    "rtt": "785"
                },
                {
                    "timestamp": "1616909958.484759",
                    "rtt": "758"
                },
                {
                    "timestamp": "1616909958.711575",
                    "rtt": "785"
                },
                {
                    "timestamp": "1616909958.842235",
                    "rtt": "714"
                },
                {
                    "timestamp": "1616909958.947775",
                    "rtt": "619"
                },
                {
                    "timestamp": "1616909958.993446",
                    "rtt": "464"
                },
                {
                    "timestamp": "1616909958.993562",
                    "rtt": "263"
                },
                {
                    "timestamp": "1616909960.046060",
                    "rtt": "1115"
                },
                {
                    "timestamp": "1616909960.254711",
                    "rtt": "1124"
                },
                {
                    "timestamp": "1616909960.464738",
                    "rtt": "1133"
                },
                {
                    "timestamp": "1616909960.685880",
                    "rtt": "1150"
                },
                {
                    "timestamp": "1616909960.906518",
                    "rtt": "1167"
                },
                {
                    "timestamp": "1616909961.124039",
                    "rtt": "1180"
                },
                {
                    "timestamp": "1616909961.343959",
                    "rtt": "1200"
                },
                {
                    "timestamp": "1616909961.559373",
                    "rtt": "1215"
                },
                {
                    "timestamp": "1616909961.779918",
                    "rtt": "1235"
                },
                {
                    "timestamp": "1616909962.000727",
                    "rtt": "1254"
                },
                {
                    "timestamp": "1616909962.216577",
                    "rtt": "1270"
                },
                {
                    "timestamp": "1616909962.430457",
                    "rtt": "1284"
                },
                {
                    "timestamp": "1616909962.659473",
                    "rtt": "1305"
                },
                {
                    "timestamp": "1616909962.873996",
                    "rtt": "1318"
                },
                {
                    "timestamp": "1616909963.091069",
                    "rtt": "1334"
                },
                {
                    "timestamp": "1616909963.309235",
                    "rtt": "1352"
                },
                {
                    "timestamp": "1616909963.522589",
                    "rtt": "1365"
                },
                {
                    "timestamp": "1616909963.725334",
                    "rtt": "1367"
                },
                {
                    "timestamp": "1616909964.128808",
                    "rtt": "1369"
                },
                {
                    "timestamp": "1616909964.331671",
                    "rtt": "1371"
                },
                {
                    "timestamp": "1616909964.734394",
                    "rtt": "1374"
                },
                {
                    "timestamp": "1616909964.933059",
                    "rtt": "1372"
                },
                {
                    "timestamp": "1616909965.093486",
                    "rtt": "1332"
                },
                {
                    "timestamp": "1616909965.239331",
                    "rtt": "1276"
                },
                {
                    "timestamp": "1616909965.377165",
                    "rtt": "1214"
                },
                {
                    "timestamp": "1616909965.529176",
                    "rtt": "1165"
                },
                {
                    "timestamp": "1616909965.618423",
                    "rtt": "1051"
                },
                {
                    "timestamp": "1616909965.631012",
                    "rtt": "862"
                },
                {
                    "timestamp": "1616909965.645673",
                    "rtt": "676"
                },
                {
                    "timestamp": "1616909965.917674",
                    "rtt": "749"
                },
                {
                    "timestamp": "1616909966.120678",
                    "rtt": "751"
                },
                {
                    "timestamp": "1616909966.271306",
                    "rtt": "701"
                },
                {
                    "timestamp": "1616909966.275846",
                    "rtt": "505"
                },
                {
                    "timestamp": "1616909966.355769",
                    "rtt": "384"
                },
                {
                    "timestamp": "1616909966.499536",
                    "rtt": "328"
                },
                {
                    "timestamp": "1616909967.274406",
                    "rtt": "901"
                },
                {
                    "timestamp": "1616909967.474802",
                    "rtt": "901"
                },
                {
                    "timestamp": "1616909967.686175",
                    "rtt": "910"
                },
                {
                    "timestamp": "1616909967.897499",
                    "rtt": "918"
                },
                {
                    "timestamp": "1616909968.107913",
                    "rtt": "924"
                },
                {
                    "timestamp": "1616909968.320431",
                    "rtt": "936"
                },
                {
                    "timestamp": "1616909968.530012",
                    "rtt": "945"
                },
                {
                    "timestamp": "1616909968.740132",
                    "rtt": "955"
                },
                {
                    "timestamp": "1616909968.947389",
                    "rtt": "961"
                },
                {
                    "timestamp": "1616909969.156438",
                    "rtt": "971"
                },
                {
                    "timestamp": "1616909969.365592",
                    "rtt": "980"
                },
                {
                    "timestamp": "1616909969.575928",
                    "rtt": "990"
                },
                {
                    "timestamp": "1616909969.782994",
                    "rtt": "996"
                },
                {
                    "timestamp": "1616909969.991243",
                    "rtt": "1004"
                }
            ]
        }
    ]
}