{
    "node-0": [
        {
            "10.0.8.1:41539": [
                {
                    "meta": true,
                    "start_time": "0",
                    "stop_time": "30"
                },
                {
                    "timestamp": "1616909899.755",
                    "sending_rate": "0.54"
                },
                {
                    "timestamp": "1616909900.244",
                    "sending_rate": "1.07"
                },
                {
                    "timestamp": "1616909900.494",
                    "sending_rate": "7.87"
                },
                {
                    "timestamp": "1616909900.754",
                    "sending_rate": "5.56"
                },
                {
                    "timestamp": "1616909901.060",
                    "sending_rate": "6.85"
                },
                {
                    "timestamp": "1616909901.768",
                    "sending_rate": "3.70"
                },
                {
                    "timestamp": "1616909902.219",
                    "sending_rate": "5.81"
                },
                {
                    "timestamp": "1616909903.077",
                    "sending_rate": "3.67"
                },
                {
                    "timestamp": "1616909904.010",
                    "sending_rate": "3.37"
                },
                {
                    "timestamp": "1616909905.045",
                    "sending_rate": "3.54"
                },
                {
                    "timestamp": "1616909905.681",
                    "sending_rate": "5.57"
                },
                {
                    "timestamp": "1616909906.871",
                    "sending_rate": "3.52"
                },
                {
                    "timestamp": "1616909908.153",
                    "sending_rate": "3.68"
                },
                {
                    "timestamp": "1616909908.930",
                    "sending_rate": "7.42"
                },
                {
                    "timestamp": "1616909909.763",
                    "sending_rate": "8.02"
                },
                {
                    "timestamp": "1616909910.670",
                    "sending_rate": "9.25"
                },
                {
                    "timestamp": "1616909912.603",
                    "sending_rate": "5.43"
                },
                {
                    "timestamp": "1616909914.848",
                    "sending_rate": "5.08"
                },
                {
                    "timestamp": "1616909917.307",
                    "sending_rate": "4.69"
                },
                {
                    "timestamp": "1616909917.644",
                    "sending_rate": "29.48"
                },
                {
                    "timestamp": "1616909918.531",
                    "sending_rate": "13.01"
                },
                {
                    "timestamp": "1616909919.607",
                    "sending_rate": "10.59"
                },
                {
                    "timestamp": "1616909920.688",
                    "sending_rate": "10.68"
                },
                {
                    "timestamp": "1616909921.787",
                    "sending_rate": "10.38"
                },
                {
                    "timestamp": "1616909922.905",
                    "sending_rate": "10.31"
                },
                {
                    "timestamp": "1616909924.036",
                    "sending_rate": "10.08"
                },
                {
                    "timestamp": "1616909925.180",
                    "sending_rate": "10.09"
                },
                {
                    "timestamp": "1616909926.325",
                    "sending_rate": "9.96"
                },
                {
                    "timestamp": "1616909927.472",
                    "sending_rate": "10.06"
                },
                {
                    "timestamp": "1616909928.072",
                    "sending_rate": "18.98"
                },
                {
                    "timestamp": "1616909929.220",
                    "sending_rate": "10.05"
                },
                {
                    "timestamp": "1616909929.514",
                    "sending_rate": "38.31"
                }
            ]
        },
        {
            "10.0.8.1:35307": [
                {
                    "meta": true,
                    "start_time": "0",
                    "stop_time": "30"
                },
                {
                    "timestamp": "1616909899.741",
                    "sending_rate": "0.54"
                },
                {
                    "timestamp": "1616909900.231",
                    "sending_rate": "1.07"
                },
                {
                    "timestamp": "1616909900.470",
                    "sending_rate": "8.20"
                },
                {
                    "timestamp": "1616909900.729",
                    "sending_rate": "13.19"
                },
                {
                    "timestamp": "1616909900.956",
                    "sending_rate": "13.85"
                },
                {
                    "timestamp": "1616909901.234",
                    "sending_rate": "39.61"
                },
                {
                    "timestamp": "1616909901.609",
                    "sending_rate": "26.24"
                },
                {
                    "timestamp": "1616909902.370",
                    "sending_rate": "15.14"
                },
                {
                    "timestamp": "1616909903.133",
                    "sending_rate": "14.96"
                },
                {
                    "timestamp": "1616909903.827",
                    "sending_rate": "16.61"
                },
                {
                    "timestamp": "1616909904.611",
                    "sending_rate": "14.54"
                },
                {
                    "timestamp": "1616909905.320",
                    "sending_rate": "16.28"
                },
                {
                    "timestamp": "1616909906.031",
                    "sending_rate": "16.03"
                },
                {
                    "timestamp": "1616909906.747",
                    "sending_rate": "16.12"
                },
                {
                    "timestamp": "1616909907.580",
                    "sending_rate": "13.68"
                },
                {
                    "timestamp": "1616909908.325",
                    "sending_rate": "15.50"
                },
                {
                    "timestamp": "1616909909.092",
                    "sending_rate": "14.86"
                },
                {
                    "timestamp": "1616909909.891",
                    "sending_rate": "14.43"
                },
                {
                    "timestamp": "1616909910.730",
                    "sending_rate": "13.60"
                },
                {
                    "timestamp": "1616909911.352",
                    "sending_rate": "18.53"
                },
                {
                    "timestamp": "1616909912.245",
                    "sending_rate": "12.78"
                },
                {
                    "timestamp": "1616909913.205",
                    "sending_rate": "12.01"
                },
                {
                    "timestamp": "1616909914.236",
                    "sending_rate": "11.06"
                },
                {
                    "timestamp": "1616909915.372",
                    "sending_rate": "9.92"
                },
                {
                    "timestamp": "1616909917.125",
                    "sending_rate": "6.06"
                },
                {
                    "timestamp": "1616909917.728",
                    "sending_rate": "17.61"
                },
                {
                    "timestamp": "1616909917.994",
                    "sending_rate": "39.96"
                },
                {
                    "timestamp": "1616909919.062",
                    "sending_rate": "10.79"
                },
                {
                    "timestamp": "1616909920.168",
                    "sending_rate": "10.32"
                },
                {
                    "timestamp": "1616909921.982",
                    "sending_rate": "6.36"
                },
                {
                    "timestamp": "1616909923.257",
                    "sending_rate": "8.94"
                },
                {
                    "timestamp": "1616909924.544",
                    "sending_rate": "8.96"
                },
                {
                    "timestamp": "1616909925.848",
                    "sending_rate": "8.75"
                },
                {
                    "timestamp": "1616909927.156",
                    "sending_rate": "8.82"
                },
                {
                    "timestamp": "1616909928.470",
                    "sending_rate": "8.68"
                },
                {
                    "timestamp": "1616909929.500",
                    "sending_rate": "11.07"
                }
            ]
        }
    ]
}