{
    "node-0": [
        {
            "10.0.8.1": [
                {
                    "meta": true,
                    "start_time": "0",
                    "stop_time": "30"
                },
                {
                    "timestamp": "1616909899.006794",
                    "rtt": "241"
                },
                {
                    "timestamp": "1616909899.209711",
                    "rtt": "242"
                },
                {
                    "timestamp": "1616909899.409869",
                    "rtt": "241"
                },
                {
                    "timestamp": "1616909899.610786",
                    "rtt": "241"
                },
                {
                    "timestamp": "1616909899.812179",
                    "rtt": "242"
                },
                {
                    "timestamp": "1616909900.012593",
                    "rtt": "241"
                },
                {
                    "timestamp": "1616909900.213253",
                    "rtt": "242"
                },
                {
                    "timestamp": "1616909900.412674",
                    "rtt": "242"
                },
                {
                    "timestamp": "1616909900.612200",
                    "rtt": "240"
                },
                {
                    "timestamp": "1616909900.812931",
                    "rtt": "241"
                },
                {
                    "timestamp": "1616909901.072156",
                    "rtt": "299"
                },
                {
                    "timestamp": "1616909901.241961",
                    "rtt": "269"
                },
                {
                    "timestamp": "1616909901.444686",
                    "rtt": "271"
                },
                {
                    "timestamp": "1616909901.755355",
                    "rtt": "381"
                },
                {
                    "timestamp": "1616909901.966805",
                    "rtt": "392"
                },
                {
                    "timestamp": "1616909902.177587",
                    "rtt": "402"
                },
                {
                    "timestamp": "1616909902.388474",
                    "rtt": "411"
                },
                {
                    "timestamp": "1616909902.600454",
                    "rtt": "423"
                },
                {
                    "timestamp": "1616909902.813018",
                    "rtt": "433"
                },
                {
                    "timestamp": "1616909903.021971",
                    "rtt": "441"
                },
                {
                    "timestamp": "1616909903.234010",
                    "rtt": "452"
                },
                {
                    "timestamp": "1616909903.443567",
                    "rtt": "461"
                },
                {
                    "timestamp": "1616909903.653913",
                    "rtt": "472"
                },
                {
                    "timestamp": "1616909903.866578",
                    "rtt": "483"
                },
                {
                    "timestamp": "1616909904.074829",
                    "rtt": "491"
                },
                {
                    "timestamp": "1616909904.286145",
                    "rtt": "502"
                },
                {
                    "timestamp": "1616909904.496162",
                    "rtt": "511"
                },
                {
                    "timestamp": "1616909904.706293",
                    "rtt": "521"
                },
                {
                    "timestamp": "1616909904.917762",
                    "rtt": "532"
                },
                {
                    "timestamp": "1616909905.128209",
                    "rtt": "542"
                },
                {
                    "timestamp": "1616909905.341933",
                    "rtt": "554"
                },
                {
                    "timestamp": "1616909905.551904",
                    "rtt": "564"
                },
                {
                    "timestamp": "1616909905.760288",
                    "rtt": "573"
                },
                {
                    "timestamp": "1616909905.969975",
                    "rtt": "582"
                },
                {
                    "timestamp": "1616909906.180851",
                    "rtt": "592"
                },
                {
                    "timestamp": "1616909906.391946",
                    "rtt": "602"
                },
                {
                    "timestamp": "1616909906.602187",
                    "rtt": "612"
                },
                {
                    "timestamp": "1616909906.812410",
                    "rtt": "621"
                },
                {
                    "timestamp": "1616909907.024750",
                    "rtt": "633"
                },
                {
                    "timestamp": "1616909907.239236",
                    "rtt": "643"
                },
                {
                    "timestamp": "1616909907.451251",
                    "rtt": "654"
                },
                {
                    "timestamp": "1616909907.662536",
                    "rtt": "665"
                },
                {
                    "timestamp": "1616909907.871506",
                    "rtt": "674"
                },
                {
                    "timestamp": "1616909908.082880",
                    "rtt": "685"
                },
                {
                    "timestamp": "1616909908.304081",
                    "rtt": "705"
                },
                {
                    "timestamp": "1616909908.514784",
                    "rtt": "716"
                },
                {
                    "timestamp": "1616909908.726310",
                    "rtt": "726"
                },
                {
                    "timestamp": "1616909908.945078",
                    "rtt": "746"
                },
                {
                    "timestamp": "1616909909.160402",
                    "rtt": "761"
                },
                {
                    "timestamp": "1616909909.374230",
                    "rtt": "774"
                },
                {
                    "timestamp": "1616909909.582808",
                    "rtt": "782"
                },
                {
                    "timestamp": "1616909909.813544",
                    "rtt": "812"
                },
                {
                    "timestamp": "1616909910.026752",
                    "rtt": "825"
                },
                {
                    "timestamp": "1616909910.238196",
                    "rtt": "836"
                },
                {
                    "timestamp": "1616909910.449106",
                    "rtt": "846"
                },
                {
                    "timestamp": "1616909910.685727",
                    "rtt": "882"
                },
                {
                    "timestamp": "1616909910.901189",
                    "rtt": "896"
                },
                {
                    "timestamp": "1616909911.114926",
                    "rtt": "909"
                },
                {
                    "timestamp": "1616909911.325602",
                    "rtt": "919"
                },
                {
                    "timestamp": "1616909911.559423",
                    "rtt": "952"
                },
                {
                    "timestamp": "1616909911.784052",
                    "rtt": "976"
                },
                {
                    "timestamp": "1616909911.995495",
                    "rtt": "987"
                },
                {
                    "timestamp": "1616909912.207015",
                    "rtt": "998"
                },
                {
                    "timestamp": "1616909912.417551",
                    "rtt": "1008"
                },
                {
                    "timestamp": "1616909912.669730",
                    "rtt": "1059"
                },
                {
                    "timestamp": "1616909912.891837",
                    "rtt": "1080"
                },
                {
                    "timestamp": "1616909913.104476",
                    "rtt": "1093"
                },
                {
                    "timestamp": "1616909913.320016",
                    "rtt": "1103"
                },
                {
                    "timestamp": "1616909913.531246",
                    "rtt": "1113"
                },
                {
                    "timestamp": "1616909913.790643",
                    "rtt": "1171"
                },
                {
                    "timestamp": "1616909914.023924",
                    "rtt": "1204"
                },
                {
                    "timestamp": "1616909914.234721",
                    "rtt": "1213"
                },
                {
                    "timestamp": "1616909914.447283",
                    "rtt": "1225"
                },
                {
                    "timestamp": "1616909914.656737",
                    "rtt": "1234"
                },
                {
                    "timestamp": "1616909914.892276",
                    "rtt": "1270"
                },
                {
                    "timestamp": "1616909915.148672",
                    "rtt": "1326"
                },
                {
                    "timestamp": "1616909915.381716",
                    "rtt": "1358"
                },
                {
                    "timestamp": "1616909915.593699",
                    "rtt": "1362"
                },
                {
                    "timestamp": "1616909915.801772",
                    "rtt": "1370"
                },
                {
                    "timestamp": "1616909916.002769",
                    "rtt": "1370"
                },
                {
                    "timestamp": "1616909916.610210",
                    "rtt": "1376"
                },
                {
                    "timestamp": "1616909916.809689",
                    "rtt": "1375"
                },
                {
                    "timestamp": "1616909917.011454",
                    "rtt": "1375"
                },
                {
                    "timestamp": "1616909917.159211",
                    "rtt": "1322"
                },
                {
                    "timestamp": "1616909917.234197",
                    "rtt": "1197"
                },
                {
                    "timestamp": "1616909917.310008",
                    "rtt": "1070"
                },
                {
                    "timestamp": "1616909917.452441",
                    "rtt": "1009"
                },
                {
                    "timestamp": "1616909917.629825",
                    "rtt": "985"
                },
                {
                    "timestamp": "1616909917.712848",
                    "rtt": "868"
                },
                {
                    "timestamp": "1616909917.753666",
                    "rtt": "709"
                },
                {
                    "timestamp": "1616909918.161363",
                    "rtt": "916"
                },
                {
                    "timestamp": "1616909918.568018",
                    "rtt": "1122"
                },
                {
                    "timestamp": "1616909918.768688",
                    "rtt": "1121"
                },
                {
                    "timestamp": "1616909918.965839",
                    "rtt": "1118"
                },
                {
                    "timestamp": "1616909919.108116",
                    "rtt": "1056"
                },
                {
                    "timestamp": "1616909919.249475",
                    "rtt": "997"
                },
                {
                    "timestamp": "1616909919.452765",
                    "rtt": "993"
                },
                {
                    "timestamp": "1616909919.670253",
                    "rtt": "1010"
                },
                {
                    "timestamp": "1616909919.865919",
                    "rtt": "1005"
                },
                {
                    "timestamp": "1616909920.060374",
                    "rtt": "999"
                },
                {
                    "timestamp": "1616909920.265559",
                    "rtt": "1004"
                },
                {
                    "timestamp": "1616909920.485433",
                    "rtt": "1022"
                },
                {
                    "timestamp": "1616909920.701640",
                    "rtt": "1038"
                },
                {
                    "timestamp": "1616909920.912840",
                    "rtt": "1048"
                },
                {
                    "timestamp": "1616909921.132103",
                    "rtt": "1061"
                },
                {
                    "timestamp": "1616909921.346604",
                    "rtt": "1071"
                },
                {
                    "timestamp": "1616909921.564829",
                    "rtt": "1085"
                },
                {
                    "timestamp": "1616909921.779126",
                    "rtt": "1098"
                },
                {
                    "timestamp": "1616909921.992479",
                    "rtt": "1110"
                },
                {
                    "timestamp": "1616909922.205092",
                    "rtt": "1122"
                },
                {
                    "timestamp": "1616909922.415045",
                    "rtt": "1130"
                },
                {
                    "timestamp": "1616909922.626855",
                    "rtt": "1142"
                },
                {
                    "timestamp": "1616909922.839377",
                    "rtt": "1153"
                },
                {
                    "timestamp": "1616909923.048620",
                    "rtt": "1162"
                },
                {
                    "timestamp": "1616909923.257675",
                    "rtt": "1171"
                },
                {
                    "timestamp": "1616909923.464175",
                    "rtt": "1177"
                },
                {
                    "timestamp": "1616909923.670129",
                    "rtt": "1182"
                },
                {
                    "timestamp": "1616909923.881560",
                    "rtt": "1192"
                },
                {
                    "timestamp": "1616909924.088815",
                    "rtt": "1199"
                },
                {
                    "timestamp": "1616909924.294724",
                    "rtt": "1206"
                },
                {
                    "timestamp": "1616909924.502522",
                    "rtt": "1212"
                },
                {
                    "timestamp": "1616909924.708572",
                    "rtt": "1218"
                },
                {
                    "timestamp": "1616909924.912050",
                    "rtt": "1221"
                },
                {
                    "timestamp": "1616909925.119240",
                    "rtt": "1227"
                },
                {
                    "timestamp": "1616909925.331547",
                    "rtt": "1232"
                },
                {
                    "timestamp": "1616909925.542291",
                    "rtt": "1237"
                },
                {
                    "timestamp": "1616909925.755001",
                    "rtt": "1242"
                },
                {
                    "timestamp": "1616909925.961104",
                    "rtt": "1242"
                },
                {
                    "timestamp": "1616909926.165539",
                    "rtt": "1243"
                },
                {
                    "timestamp": "1616909926.375642",
                    "rtt": "1246"
                },
                {
                    "timestamp": "1616909926.580474",
                    "rtt": "1249"
                },
                {
                    "timestamp": "1616909926.787191",
                    "rtt": "1251"
                },
                {
                    "timestamp": "1616909926.988044",
                    "rtt": "1251"
                },
                {
                    "timestamp": "1616909927.191001",
                    "rtt": "1253"
                },
                {
                    "timestamp": "1616909927.393358",
                    "rtt": "1255"
                },
                {
                    "timestamp": "1616909927.594606",
                    "rtt": "1256"
                },
                {
                    "timestamp": "1616909927.798760",
                    "rtt": "1259"
                },
                {
                    "timestamp": "1616909927.999671",
                    "rtt": "1259"
                },
                {
                    "timestamp": "1616909928.201345",
                    "rtt": "1260"
                },
                {
                    "timestamp": "1616909928.401862",
                    "rtt": "1259"
                },
                {
                    "timestamp": "1616909928.602979",
                    "rtt": "1259"
                }
            ]
        }
    ]
}