{
    "a": [
        {
            "10.0.4.1:39409": [
                {
                    "meta": true,
                    "start_time": "0",
                    "stop_time": "30"
                },
                {
                    "timestamp": "1616437431.803",
                    "sending_rate": "76.06"
                },
                {
                    "timestamp": "1616437432.104",
                    "sending_rate": "50.42"
                },
                {
                    "timestamp": "1616437432.411",
                    "sending_rate": "59.49"
                },
                {
                    "timestamp": "1616437432.611",
                    "sending_rate": "49.05"
                },
                {
                    "timestamp": "1616437432.848",
                    "sending_rate": "46.51"
                },
                {
                    "timestamp": "1616437433.096",
                    "sending_rate": "43.88"
                },
                {
                    "timestamp": "1616437433.357",
                    "sending_rate": "42.14"
                },
                {
                    "timestamp": "1616437433.635",
                    "sending_rate": "39.07"
                },
                {
                    "timestamp": "1616437433.929",
                    "sending_rate": "37.46"
                },
                {
                    "timestamp": "1616437434.240",
                    "sending_rate": "34.99"
                },
                {
                    "timestamp": "1616437434.572",
                    "sending_rate": "33.15"
                },
                {
                    "timestamp": "1616437434.925",
                    "sending_rate": "30.84"
                },
                {
                    "timestamp": "1616437435.313",
                    "sending_rate": "28.41"
                },
                {
                    "timestamp": "1616437435.718",
                    "sending_rate": "26.84"
                },
                {
                    "timestamp": "1616437436.151",
                    "sending_rate": "25.41"
                },
                {
                    "timestamp": "1616437436.617",
                    "sending_rate": "23.63"
                },
                {
                    "timestamp": "1616437437.127",
                    "sending_rate": "22.35"
                },
                {
                    "timestamp": "1616437437.679",
                    "sending_rate": "20.93"
                },
                {
                    "timestamp": "1616437438.275",
                    "sending_rate": "19.11"
                },
                {
                    "timestamp": "1616437438.917",
                    "sending_rate": "17.77"
                },
                {
                    "timestamp": "1616437439.598",
                    "sending_rate": "16.94"
                },
                {
                    "timestamp": "1616437440.318",
                    "sending_rate": "15.84"
                },
                {
                    "timestamp": "1616437440.681",
                    "sending_rate": "31.77"
                },
                {
                    "timestamp": "1616437441.236",
                    "sending_rate": "20.52"
                },
                {
                    "timestamp": "1616437441.585",
                    "sending_rate": "33.09"
                },
                {
                    "timestamp": "1616437442.180",
                    "sending_rate": "19.16"
                },
                {
                    "timestamp": "1616437442.549",
                    "sending_rate": "31.23"
                },
                {
                    "timestamp": "1616437442.925",
                    "sending_rate": "30.38"
                },
                {
                    "timestamp": "1616437443.234",
                    "sending_rate": "37.30"
                },
                {
                    "timestamp": "1616437443.532",
                    "sending_rate": "38.30"
                },
                {
                    "timestamp": "1616437443.835",
                    "sending_rate": "38.00"
                },
                {
                    "timestamp": "1616437444.142",
                    "sending_rate": "37.13"
                },
                {
                    "timestamp": "1616437444.449",
                    "sending_rate": "37.58"
                },
                {
                    "timestamp": "1616437444.759",
                    "sending_rate": "36.82"
                },
                {
                    "timestamp": "1616437445.076",
                    "sending_rate": "36.36"
                },
                {
                    "timestamp": "1616437445.395",
                    "sending_rate": "35.82"
                },
                {
                    "timestamp": "1616437445.714",
                    "sending_rate": "36.07"
                },
                {
                    "timestamp": "1616437446.034",
                    "sending_rate": "35.66"
                },
                {
                    "timestamp": "1616437446.477",
                    "sending_rate": "51.79"
                },
                {
                    "timestamp": "1616437446.799",
                    "sending_rate": "35.83"
                },
                {
                    "timestamp": "1616437447.234",
                    "sending_rate": "52.75"
                },
                {
                    "timestamp": "1616437447.559",
                    "sending_rate": "35.13"
                },
                {
                    "timestamp": "1616437447.882",
                    "sending_rate": "35.69"
                },
                {
                    "timestamp": "1616437448.204",
                    "sending_rate": "35.34"
                },
                {
                    "timestamp": "1616437448.522",
                    "sending_rate": "36.36"
                },
                {
                    "timestamp": "1616437448.846",
                    "sending_rate": "35.21"
                },
                {
                    "timestamp": "1616437449.292",
                    "sending_rate": "51.41"
                },
                {
                    "timestamp": "1616437449.618",
                    "sending_rate": "35.37"
                },
                {
                    "timestamp": "1616437449.945",
                    "sending_rate": "34.87"
                },
                {
                    "timestamp": "1616437450.394",
                    "sending_rate": "51.09"
                },
                {
                    "timestamp": "1616437450.724",
                    "sending_rate": "34.89"
                },
                {
                    "timestamp": "1616437451.056",
                    "sending_rate": "34.37"
                },
                {
                    "timestamp": "1616437451.506",
                    "sending_rate": "50.93"
                },
                {
                    "timestamp": "1616437451.840",
                    "sending_rate": "34.58"
                },
                {
                    "timestamp": "1616437452.111",
                    "sending_rate": "42.04"
                },
                {
                    "timestamp": "1616437452.381",
                    "sending_rate": "42.84"
                },
                {
                    "timestamp": "1616437452.660",
                    "sending_rate": "40.85"
                },
                {
                    "timestamp": "1616437452.944",
                    "sending_rate": "40.61"
                },
                {
                    "timestamp": "1616437453.233",
                    "sending_rate": "39.42"
                },
                {
                    "timestamp": "1616437453.527",
                    "sending_rate": "39.25"
                },
                {
                    "timestamp": "1616437453.825",
                    "sending_rate": "38.26"
                },
                {
                    "timestamp": "1616437454.249",
                    "sending_rate": "54.09"
                },
                {
                    "timestamp": "1616437454.555",
                    "sending_rate": "37.72"
                },
                {
                    "timestamp": "1616437454.866",
                    "sending_rate": "36.70"
                },
                {
                    "timestamp": "1616437455.180",
                    "sending_rate": "36.74"
                },
                {
                    "timestamp": "1616437455.497",
                    "sending_rate": "35.89"
                },
                {
                    "timestamp": "1616437455.817",
                    "sending_rate": "36.06"
                },
                {
                    "timestamp": "1616437456.140",
                    "sending_rate": "35.30"
                },
                {
                    "timestamp": "1616437456.592",
                    "sending_rate": "50.78"
                },
                {
                    "timestamp": "1616437456.920",
                    "sending_rate": "35.12"
                },
                {
                    "timestamp": "1616437457.250",
                    "sending_rate": "34.60"
                },
                {
                    "timestamp": "1616437457.580",
                    "sending_rate": "34.94"
                },
                {
                    "timestamp": "1616437457.873",
                    "sending_rate": "38.87"
                },
                {
                    "timestamp": "1616437458.255",
                    "sending_rate": "60.17"
                },
                {
                    "timestamp": "1616437458.526",
                    "sending_rate": "42.57"
                },
                {
                    "timestamp": "1616437458.799",
                    "sending_rate": "41.63"
                },
                {
                    "timestamp": "1616437459.076",
                    "sending_rate": "41.66"
                },
                {
                    "timestamp": "1616437459.356",
                    "sending_rate": "40.79"
                },
                {
                    "timestamp": "1616437459.758",
                    "sending_rate": "57.01"
                },
                {
                    "timestamp": "1616437460.043",
                    "sending_rate": "40.45"
                },
                {
                    "timestamp": "1616437460.331",
                    "sending_rate": "39.65"
                },
                {
                    "timestamp": "1616437460.620",
                    "sending_rate": "39.84"
                },
                {
                    "timestamp": "1616437460.884",
                    "sending_rate": "43.22"
                },
                {
                    "timestamp": "1616437461.324",
                    "sending_rate": "52.13"
                },
                {
                    "timestamp": "1616437461.546",
                    "sending_rate": "51.45"
                }
            ]
        },
        {
            "10.0.4.1:46539": [
                {
                    "meta": true,
                    "start_time": "0",
                    "stop_time": "30"
                },
                {
                    "timestamp": "1616437431.834",
                    "sending_rate": "50.19"
                },
                {
                    "timestamp": "1616437432.094",
                    "sending_rate": "41.79"
                },
                {
                    "timestamp": "1616437432.463",
                    "sending_rate": "35.49"
                },
                {
                    "timestamp": "1616437432.676",
                    "sending_rate": "34.58"
                },
                {
                    "timestamp": "1616437433.052",
                    "sending_rate": "42.84"
                },
                {
                    "timestamp": "1616437433.292",
                    "sending_rate": "36.62"
                },
                {
                    "timestamp": "1616437433.724",
                    "sending_rate": "47.29"
                },
                {
                    "timestamp": "1616437434.021",
                    "sending_rate": "38.43"
                },
                {
                    "timestamp": "1616437434.324",
                    "sending_rate": "38.01"
                },
                {
                    "timestamp": "1616437434.635",
                    "sending_rate": "36.66"
                },
                {
                    "timestamp": "1616437434.855",
                    "sending_rate": "52.51"
                },
                {
                    "timestamp": "1616437435.179",
                    "sending_rate": "35.20"
                },
                {
                    "timestamp": "1616437435.406",
                    "sending_rate": "50.27"
                },
                {
                    "timestamp": "1616437435.635",
                    "sending_rate": "50.39"
                },
                {
                    "timestamp": "1616437435.866",
                    "sending_rate": "49.20"
                },
                {
                    "timestamp": "1616437436.215",
                    "sending_rate": "33.06"
                },
                {
                    "timestamp": "1616437436.453",
                    "sending_rate": "47.91"
                },
                {
                    "timestamp": "1616437436.693",
                    "sending_rate": "48.15"
                },
                {
                    "timestamp": "1616437437.062",
                    "sending_rate": "62.17"
                },
                {
                    "timestamp": "1616437437.313",
                    "sending_rate": "45.39"
                },
                {
                    "timestamp": "1616437437.568",
                    "sending_rate": "45.18"
                },
                {
                    "timestamp": "1616437437.828",
                    "sending_rate": "43.89"
                },
                {
                    "timestamp": "1616437438.092",
                    "sending_rate": "43.70"
                },
                {
                    "timestamp": "1616437438.485",
                    "sending_rate": "58.36"
                },
                {
                    "timestamp": "1616437438.760",
                    "sending_rate": "41.49"
                },
                {
                    "timestamp": "1616437439.034",
                    "sending_rate": "42.04"
                },
                {
                    "timestamp": "1616437439.434",
                    "sending_rate": "57.36"
                },
                {
                    "timestamp": "1616437439.828",
                    "sending_rate": "56.89"
                },
                {
                    "timestamp": "1616437440.102",
                    "sending_rate": "40.63"
                },
                {
                    "timestamp": "1616437440.503",
                    "sending_rate": "55.64"
                },
                {
                    "timestamp": "1616437440.759",
                    "sending_rate": "44.94"
                },
                {
                    "timestamp": "1616437441.137",
                    "sending_rate": "60.79"
                },
                {
                    "timestamp": "1616437441.407",
                    "sending_rate": "42.28"
                },
                {
                    "timestamp": "1616437441.679",
                    "sending_rate": "42.36"
                },
                {
                    "timestamp": "1616437442.083",
                    "sending_rate": "56.80"
                },
                {
                    "timestamp": "1616437442.370",
                    "sending_rate": "39.74"
                },
                {
                    "timestamp": "1616437442.782",
                    "sending_rate": "55.60"
                },
                {
                    "timestamp": "1616437443.087",
                    "sending_rate": "37.87"
                },
                {
                    "timestamp": "1616437443.365",
                    "sending_rate": "41.00"
                },
                {
                    "timestamp": "1616437443.648",
                    "sending_rate": "40.78"
                },
                {
                    "timestamp": "1616437443.942",
                    "sending_rate": "38.81"
                },
                {
                    "timestamp": "1616437444.236",
                    "sending_rate": "39.11"
                },
                {
                    "timestamp": "1616437444.543",
                    "sending_rate": "37.23"
                },
                {
                    "timestamp": "1616437444.855",
                    "sending_rate": "36.90"
                },
                {
                    "timestamp": "1616437445.137",
                    "sending_rate": "40.47"
                },
                {
                    "timestamp": "1616437445.639",
                    "sending_rate": "45.67"
                },
                {
                    "timestamp": "1616437445.975",
                    "sending_rate": "34.33"
                },
                {
                    "timestamp": "1616437446.321",
                    "sending_rate": "32.99"
                },
                {
                    "timestamp": "1616437446.677",
                    "sending_rate": "32.43"
                },
                {
                    "timestamp": "1616437447.042",
                    "sending_rate": "31.20"
                },
                {
                    "timestamp": "1616437447.377",
                    "sending_rate": "34.46"
                },
                {
                    "timestamp": "1616437447.693",
                    "sending_rate": "36.10"
                },
                {
                    "timestamp": "1616437448.138",
                    "sending_rate": "51.47"
                },
                {
                    "timestamp": "1616437448.462",
                    "sending_rate": "35.67"
                },
                {
                    "timestamp": "1616437448.791",
                    "sending_rate": "34.62"
                },
                {
                    "timestamp": "1616437449.123",
                    "sending_rate": "34.73"
                },
                {
                    "timestamp": "1616437449.461",
                    "sending_rate": "33.76"
                },
                {
                    "timestamp": "1616437449.798",
                    "sending_rate": "34.27"
                },
                {
                    "timestamp": "1616437450.143",
                    "sending_rate": "33.04"
                },
                {
                    "timestamp": "1616437450.618",
                    "sending_rate": "48.27"
                },
                {
                    "timestamp": "1616437450.969",
                    "sending_rate": "32.87"
                },
                {
                    "timestamp": "1616437451.324",
                    "sending_rate": "32.12"
                },
                {
                    "timestamp": "1616437451.673",
                    "sending_rate": "33.03"
                },
                {
                    "timestamp": "1616437451.930",
                    "sending_rate": "44.40"
                },
                {
                    "timestamp": "1616437452.248",
                    "sending_rate": "36.27"
                },
                {
                    "timestamp": "1616437452.539",
                    "sending_rate": "39.15"
                },
                {
                    "timestamp": "1616437452.840",
                    "sending_rate": "38.38"
                },
                {
                    "timestamp": "1616437453.139",
                    "sending_rate": "38.04"
                },
                {
                    "timestamp": "1616437453.443",
                    "sending_rate": "37.95"
                },
                {
                    "timestamp": "1616437453.750",
                    "sending_rate": "37.13"
                },
                {
                    "timestamp": "1616437454.061",
                    "sending_rate": "37.15"
                },
                {
                    "timestamp": "1616437454.374",
                    "sending_rate": "36.38"
                },
                {
                    "timestamp": "1616437454.689",
                    "sending_rate": "36.64"
                },
                {
                    "timestamp": "1616437455.003",
                    "sending_rate": "36.31"
                },
                {
                    "timestamp": "1616437455.324",
                    "sending_rate": "35.90"
                },
                {
                    "timestamp": "1616437455.648",
                    "sending_rate": "35.27"
                },
                {
                    "timestamp": "1616437456.103",
                    "sending_rate": "50.42"
                },
                {
                    "timestamp": "1616437456.427",
                    "sending_rate": "35.54"
                },
                {
                    "timestamp": "1616437456.754",
                    "sending_rate": "34.88"
                },
                {
                    "timestamp": "1616437457.082",
                    "sending_rate": "35.22"
                },
                {
                    "timestamp": "1616437457.407",
                    "sending_rate": "35.08"
                },
                {
                    "timestamp": "1616437458.048",
                    "sending_rate": "35.78"
                },
                {
                    "timestamp": "1616437458.350",
                    "sending_rate": "38.18"
                },
                {
                    "timestamp": "1616437458.670",
                    "sending_rate": "35.65"
                },
                {
                    "timestamp": "1616437458.986",
                    "sending_rate": "36.44"
                },
                {
                    "timestamp": "1616437459.303",
                    "sending_rate": "36.06"
                },
                {
                    "timestamp": "1616437459.621",
                    "sending_rate": "36.24"
                },
                {
                    "timestamp": "1616437459.939",
                    "sending_rate": "35.85"
                },
                {
                    "timestamp": "1616437460.259",
                    "sending_rate": "36.03"
                },
                {
                    "timestamp": "1616437460.579",
                    "sending_rate": "35.69"
                },
                {
                    "timestamp": "1616437460.899",
                    "sending_rate": "36.05"
                },
                {
                    "timestamp": "1616437461.219",
                    "sending_rate": "35.58"
                },
                {
                    "timestamp": "1616437461.539",
                    "sending_rate": "36.00"
                },
                {
                    "timestamp": "1616437461.565",
                    "sending_rate": "445.96"
                }
            ]
        },
        {
            "10.0.4.1:43085": [
                {
                    "meta": true,
                    "start_time": "0",
                    "stop_time": "30"
                },
                {
                    "timestamp": "1616437431.753",
                    "sending_rate": "34.37"
                },
                {
                    "timestamp": "1616437432.058",
                    "sending_rate": "18.49"
                },
                {
                    "timestamp": "1616437432.430",
                    "sending_rate": "18.31"
                },
                {
                    "timestamp": "1616437432.775",
                    "sending_rate": "22.77"
                },
                {
                    "timestamp": "1616437433.008",
                    "sending_rate": "18.06"
                },
                {
                    "timestamp": "1616437433.252",
                    "sending_rate": "18.77"
                },
                {
                    "timestamp": "1616437433.674",
                    "sending_rate": "26.11"
                },
                {
                    "timestamp": "1616437433.959",
                    "sending_rate": "22.03"
                },
                {
                    "timestamp": "1616437434.260",
                    "sending_rate": "22.20"
                },
                {
                    "timestamp": "1616437434.784",
                    "sending_rate": "29.03"
                },
                {
                    "timestamp": "1616437435.138",
                    "sending_rate": "23.37"
                },
                {
                    "timestamp": "1616437435.516",
                    "sending_rate": "24.96"
                },
                {
                    "timestamp": "1616437435.761",
                    "sending_rate": "40.02"
                },
                {
                    "timestamp": "1616437436.192",
                    "sending_rate": "25.57"
                },
                {
                    "timestamp": "1616437436.663",
                    "sending_rate": "24.22"
                },
                {
                    "timestamp": "1616437437.160",
                    "sending_rate": "23.20"
                },
                {
                    "timestamp": "1616437437.682",
                    "sending_rate": "21.82"
                },
                {
                    "timestamp": "1616437438.022",
                    "sending_rate": "33.91"
                },
                {
                    "timestamp": "1616437438.368",
                    "sending_rate": "33.04"
                },
                {
                    "timestamp": "1616437438.962",
                    "sending_rate": "19.39"
                },
                {
                    "timestamp": "1616437439.335",
                    "sending_rate": "30.64"
                },
                {
                    "timestamp": "1616437439.719",
                    "sending_rate": "30.01"
                },
                {
                    "timestamp": "1616437440.398",
                    "sending_rate": "16.78"
                },
                {
                    "timestamp": "1616437440.737",
                    "sending_rate": "34.08"
                },
                {
                    "timestamp": "1616437441.327",
                    "sending_rate": "19.32"
                },
                {
                    "timestamp": "1616437441.946",
                    "sending_rate": "18.64"
                },
                {
                    "timestamp": "1616437442.595",
                    "sending_rate": "17.56"
                },
                {
                    "timestamp": "1616437442.990",
                    "sending_rate": "29.24"
                },
                {
                    "timestamp": "1616437443.571",
                    "sending_rate": "19.64"
                },
                {
                    "timestamp": "1616437444.184",
                    "sending_rate": "18.82"
                },
                {
                    "timestamp": "1616437444.828",
                    "sending_rate": "17.70"
                },
                {
                    "timestamp": "1616437445.504",
                    "sending_rate": "17.06"
                },
                {
                    "timestamp": "1616437446.210",
                    "sending_rate": "16.14"
                },
                {
                    "timestamp": "1616437446.953",
                    "sending_rate": "15.53"
                },
                {
                    "timestamp": "1616437447.628",
                    "sending_rate": "16.89"
                },
                {
                    "timestamp": "1616437448.292",
                    "sending_rate": "17.37"
                },
                {
                    "timestamp": "1616437448.695",
                    "sending_rate": "28.29"
                },
                {
                    "timestamp": "1616437449.387",
                    "sending_rate": "16.66"
                },
                {
                    "timestamp": "1616437450.101",
                    "sending_rate": "15.99"
                },
                {
                    "timestamp": "1616437450.830",
                    "sending_rate": "15.80"
                },
                {
                    "timestamp": "1616437451.581",
                    "sending_rate": "15.20"
                },
                {
                    "timestamp": "1616437452.194",
                    "sending_rate": "18.82"
                },
                {
                    "timestamp": "1616437452.779",
                    "sending_rate": "19.49"
                },
                {
                    "timestamp": "1616437453.383",
                    "sending_rate": "19.08"
                },
                {
                    "timestamp": "1616437454.132",
                    "sending_rate": "15.24"
                },
                {
                    "timestamp": "1616437454.914",
                    "sending_rate": "14.74"
                },
                {
                    "timestamp": "1616437455.309",
                    "sending_rate": "28.86"
                },
                {
                    "timestamp": "1616437455.982",
                    "sending_rate": "17.15"
                },
                {
                    "timestamp": "1616437456.665",
                    "sending_rate": "16.69"
                },
                {
                    "timestamp": "1616437457.356",
                    "sending_rate": "16.68"
                },
                {
                    "timestamp": "1616437458.009",
                    "sending_rate": "17.47"
                },
                {
                    "timestamp": "1616437458.627",
                    "sending_rate": "18.68"
                },
                {
                    "timestamp": "1616437459.503",
                    "sending_rate": "13.00"
                },
                {
                    "timestamp": "1616437460.139",
                    "sending_rate": "18.14"
                },
                {
                    "timestamp": "1616437460.781",
                    "sending_rate": "17.78"
                },
                {
                    "timestamp": "1616437461.551",
                    "sending_rate": "14.81"
                }
            ]
        }
    ]
}