{
    "a": [
        {
            "10.0.4.1": [
                {
                    "meta": true,
                    "start_time": "0",
                    "stop_time": "30"
                },
                {
                    "timestamp": "1616437431.487532",
                    "rtt": "30.1"
                },
                {
                    "timestamp": "1616437431.690483",
                    "rtt": "32.3"
                },
                {
                    "timestamp": "1616437431.936262",
                    "rtt": "77.9"
                },
                {
                    "timestamp": "1616437432.147394",
                    "rtt": "87.9"
                },
                {
                    "timestamp": "1616437432.357587",
                    "rtt": "98.1"
                },
                {
                    "timestamp": "1616437432.567638",
                    "rtt": "108"
                },
                {
                    "timestamp": "1616437432.775478",
                    "rtt": "116"
                },
                {
                    "timestamp": "1616437432.981664",
                    "rtt": "121"
                },
                {
                    "timestamp": "1616437433.187796",
                    "rtt": "127"
                },
                {
                    "timestamp": "1616437433.392226",
                    "rtt": "131"
                },
                {
                    "timestamp": "1616437433.600096",
                    "rtt": "139"
                },
                {
                    "timestamp": "1616437433.805643",
                    "rtt": "143"
                },
                {
                    "timestamp": "1616437434.013493",
                    "rtt": "151"
                },
                {
                    "timestamp": "1616437434.219645",
                    "rtt": "157"
                },
                {
                    "timestamp": "1616437434.425183",
                    "rtt": "162"
                },
                {
                    "timestamp": "1616437434.633424",
                    "rtt": "170"
                },
                {
                    "timestamp": "1616437434.841019",
                    "rtt": "177"
                },
                {
                    "timestamp": "1616437435.049337",
                    "rtt": "185"
                },
                {
                    "timestamp": "1616437435.255033",
                    "rtt": "192"
                },
                {
                    "timestamp": "1616437435.462543",
                    "rtt": "199"
                },
                {
                    "timestamp": "1616437435.669285",
                    "rtt": "206"
                },
                {
                    "timestamp": "1616437435.879125",
                    "rtt": "213"
                },
                {
                    "timestamp": "1616437436.087767",
                    "rtt": "221"
                },
                {
                    "timestamp": "1616437436.296309",
                    "rtt": "229"
                },
                {
                    "timestamp": "1616437436.503608",
                    "rtt": "236"
                },
                {
                    "timestamp": "1616437436.712178",
                    "rtt": "244"
                },
                {
                    "timestamp": "1616437436.919713",
                    "rtt": "251"
                },
                {
                    "timestamp": "1616437437.127963",
                    "rtt": "259"
                },
                {
                    "timestamp": "1616437437.339049",
                    "rtt": "269"
                },
                {
                    "timestamp": "1616437437.547023",
                    "rtt": "277"
                },
                {
                    "timestamp": "1616437437.755520",
                    "rtt": "284"
                },
                {
                    "timestamp": "1616437437.965275",
                    "rtt": "293"
                },
                {
                    "timestamp": "1616437438.175746",
                    "rtt": "303"
                },
                {
                    "timestamp": "1616437438.384896",
                    "rtt": "311"
                },
                {
                    "timestamp": "1616437438.592500",
                    "rtt": "319"
                },
                {
                    "timestamp": "1616437438.802259",
                    "rtt": "328"
                },
                {
                    "timestamp": "1616437439.006335",
                    "rtt": "332"
                },
                {
                    "timestamp": "1616437439.215897",
                    "rtt": "341"
                },
                {
                    "timestamp": "1616437439.418931",
                    "rtt": "344"
                },
                {
                    "timestamp": "1616437439.627831",
                    "rtt": "353"
                },
                {
                    "timestamp": "1616437439.834636",
                    "rtt": "359"
                },
                {
                    "timestamp": "1616437440.042261",
                    "rtt": "365"
                },
                {
                    "timestamp": "1616437440.251284",
                    "rtt": "374"
                },
                {
                    "timestamp": "1616437440.455651",
                    "rtt": "378"
                },
                {
                    "timestamp": "1616437440.597174",
                    "rtt": "319"
                },
                {
                    "timestamp": "1616437440.768689",
                    "rtt": "290"
                },
                {
                    "timestamp": "1616437440.972777",
                    "rtt": "293"
                },
                {
                    "timestamp": "1616437441.178731",
                    "rtt": "299"
                },
                {
                    "timestamp": "1616437441.386817",
                    "rtt": "306"
                },
                {
                    "timestamp": "1616437441.593416",
                    "rtt": "312"
                },
                {
                    "timestamp": "1616437441.801265",
                    "rtt": "318"
                },
                {
                    "timestamp": "1616437442.009128",
                    "rtt": "326"
                },
                {
                    "timestamp": "1616437442.216258",
                    "rtt": "332"
                },
                {
                    "timestamp": "1616437442.422154",
                    "rtt": "338"
                },
                {
                    "timestamp": "1616437442.628683",
                    "rtt": "344"
                },
                {
                    "timestamp": "1616437442.835411",
                    "rtt": "350"
                },
                {
                    "timestamp": "1616437443.035308",
                    "rtt": "349"
                },
                {
                    "timestamp": "1616437443.191269",
                    "rtt": "305"
                },
                {
                    "timestamp": "1616437443.371512",
                    "rtt": "285"
                },
                {
                    "timestamp": "1616437443.578155",
                    "rtt": "291"
                },
                {
                    "timestamp": "1616437443.783539",
                    "rtt": "296"
                },
                {
                    "timestamp": "1616437443.989891",
                    "rtt": "302"
                },
                {
                    "timestamp": "1616437444.196880",
                    "rtt": "308"
                },
                {
                    "timestamp": "1616437444.403005",
                    "rtt": "314"
                },
                {
                    "timestamp": "1616437444.609315",
                    "rtt": "319"
                },
                {
                    "timestamp": "1616437444.815936",
                    "rtt": "326"
                },
                {
                    "timestamp": "1616437445.021349",
                    "rtt": "331"
                },
                {
                    "timestamp": "1616437445.227278",
                    "rtt": "336"
                },
                {
                    "timestamp": "1616437445.432332",
                    "rtt": "342"
                },
                {
                    "timestamp": "1616437445.635826",
                    "rtt": "344"
                },
                {
                    "timestamp": "1616437445.844291",
                    "rtt": "352"
                },
                {
                    "timestamp": "1616437446.047521",
                    "rtt": "355"
                },
                {
                    "timestamp": "1616437446.255030",
                    "rtt": "362"
                },
                {
                    "timestamp": "1616437446.459353",
                    "rtt": "367"
                },
                {
                    "timestamp": "1616437446.664506",
                    "rtt": "371"
                },
                {
                    "timestamp": "1616437446.871920",
                    "rtt": "378"
                },
                {
                    "timestamp": "1616437447.075375",
                    "rtt": "382"
                },
                {
                    "timestamp": "1616437447.259734",
                    "rtt": "366"
                },
                {
                    "timestamp": "1616437447.448240",
                    "rtt": "355"
                },
                {
                    "timestamp": "1616437447.625642",
                    "rtt": "332"
                },
                {
                    "timestamp": "1616437447.827313",
                    "rtt": "333"
                },
                {
                    "timestamp": "1616437448.031165",
                    "rtt": "336"
                },
                {
                    "timestamp": "1616437448.235041",
                    "rtt": "340"
                },
                {
                    "timestamp": "1616437448.436842",
                    "rtt": "342"
                },
                {
                    "timestamp": "1616437448.642280",
                    "rtt": "346"
                },
                {
                    "timestamp": "1616437448.843473",
                    "rtt": "346"
                },
                {
                    "timestamp": "1616437449.048378",
                    "rtt": "351"
                },
                {
                    "timestamp": "1616437449.251171",
                    "rtt": "354"
                },
                {
                    "timestamp": "1616437449.454046",
                    "rtt": "357"
                },
                {
                    "timestamp": "1616437449.657896",
                    "rtt": "360"
                },
                {
                    "timestamp": "1616437449.860792",
                    "rtt": "362"
                },
                {
                    "timestamp": "1616437450.064856",
                    "rtt": "365"
                },
                {
                    "timestamp": "1616437450.267536",
                    "rtt": "367"
                },
                {
                    "timestamp": "1616437450.469554",
                    "rtt": "370"
                },
                {
                    "timestamp": "1616437450.673887",
                    "rtt": "373"
                },
                {
                    "timestamp": "1616437450.877111",
                    "rtt": "375"
                },
                {
                    "timestamp": "1616437451.079329",
                    "rtt": "377"
                },
                {
                    "timestamp": "1616437451.282538",
                    "rtt": "380"
                },
                {
                    "timestamp": "1616437451.484716",
                    "rtt": "383"
                },
                {
                    "timestamp": "1616437451.687690",
                    "rtt": "385"
                },
                {
                    "timestamp": "1616437451.864807",
                    "rtt": "362"
                },
                {
                    "timestamp": "1616437452.006934",
                    "rtt": "303"
                },
                {
                    "timestamp": "1616437452.177760",
                    "rtt": "274"
                },
                {
                    "timestamp": "1616437452.377718",
                    "rtt": "275"
                },
                {
                    "timestamp": "1616437452.583655",
                    "rtt": "280"
                },
                {
                    "timestamp": "1616437452.788801",
                    "rtt": "284"
                },
                {
                    "timestamp": "1616437452.995479",
                    "rtt": "290"
                },
                {
                    "timestamp": "1616437453.200843",
                    "rtt": "295"
                },
                {
                    "timestamp": "1616437453.405703",
                    "rtt": "299"
                },
                {
                    "timestamp": "1616437453.610177",
                    "rtt": "303"
                },
                {
                    "timestamp": "1616437453.817037",
                    "rtt": "309"
                },
                {
                    "timestamp": "1616437454.020770",
                    "rtt": "312"
                },
                {
                    "timestamp": "1616437454.225099",
                    "rtt": "316"
                },
                {
                    "timestamp": "1616437454.428953",
                    "rtt": "320"
                },
                {
                    "timestamp": "1616437454.632654",
                    "rtt": "323"
                },
                {
                    "timestamp": "1616437454.836777",
                    "rtt": "327"
                },
                {
                    "timestamp": "1616437455.041268",
                    "rtt": "330"
                },
                {
                    "timestamp": "1616437455.243524",
                    "rtt": "333"
                },
                {
                    "timestamp": "1616437455.446064",
                    "rtt": "336"
                },
                {
                    "timestamp": "1616437455.648592",
                    "rtt": "338"
                },
                {
                    "timestamp": "1616437455.851817",
                    "rtt": "341"
                },
                {
                    "timestamp": "1616437456.054572",
                    "rtt": "343"
                },
                {
                    "timestamp": "1616437456.256796",
                    "rtt": "345"
                },
                {
                    "timestamp": "1616437456.458288",
                    "rtt": "347"
                },
                {
                    "timestamp": "1616437456.659872",
                    "rtt": "348"
                },
                {
                    "timestamp": "1616437456.862331",
                    "rtt": "350"
                },
                {
                    "timestamp": "1616437457.064356",
                    "rtt": "351"
                },
                {
                    "timestamp": "1616437457.266724",
                    "rtt": "353"
                },
                {
                    "timestamp": "1616437457.467050",
                    "rtt": "354"
                },
                {
                    "timestamp": "1616437457.668479",
                    "rtt": "355"
                },
                {
                    "timestamp": "1616437457.839616",
                    "rtt": "325"
                },
                {
                    "timestamp": "1616437458.020953",
                    "rtt": "306"
                },
                {
                    "timestamp": "1616437458.207963",
                    "rtt": "293"
                },
                {
                    "timestamp": "1616437458.409641",
                    "rtt": "296"
                },
                {
                    "timestamp": "1616437458.611293",
                    "rtt": "296"
                },
                {
                    "timestamp": "1616437458.815354",
                    "rtt": "300"
                },
                {
                    "timestamp": "1616437459.017979",
                    "rtt": "302"
                },
                {
                    "timestamp": "1616437459.220532",
                    "rtt": "303"
                },
                {
                    "timestamp": "1616437459.422316",
                    "rtt": "305"
                },
                {
                    "timestamp": "1616437459.625061",
                    "rtt": "307"
                },
                {
                    "timestamp": "1616437459.827385",
                    "rtt": "309"
                },
                {
                    "timestamp": "1616437460.030114",
                    "rtt": "311"
                },
                {
                    "timestamp": "1616437460.232283",
                    "rtt": "313"
                },
                {
                    "timestamp": "1616437460.432167",
                    "rtt": "313"
                },
                {
                    "timestamp": "1616437460.634421",
                    "rtt": "315"
                },
                {
                    "timestamp": "1616437460.836102",
                    "rtt": "316"
                },
                {
                    "timestamp": "1616437461.037308",
                    "rtt": "317"
                },
                {
                    "timestamp": "1616437461.239339",
                    "rtt": "318"
                },
                {
                    "timestamp": "1616437461.439174",
                    "rtt": "319"
                }
            ]
        }
    ]
}