{
    "node-0": [
        {
            "10.0.8.1:41779": [
                {
                    "meta": true,
                    "start_time": "0",
                    "stop_time": "30"
                },
                {
                    "timestamp": "1616909982.219",
                    "sending_rate": "0.54"
                },
                {
                    "timestamp": "1616909982.709",
                    "sending_rate": "1.07"
                },
                {
                    "timestamp": "1616909983.204",
                    "sending_rate": "3.97"
                },
                {
                    "timestamp": "1616909983.438",
                    "sending_rate": "26.95"
                },
                {
                    "timestamp": "1616909983.713",
                    "sending_rate": "43.41"
                },
                {
                    "timestamp": "1616909984.100",
                    "sending_rate": "24.35"
                },
                {
                    "timestamp": "1616909984.861",
                    "sending_rate": "14.99"
                },
                {
                    "timestamp": "1616909985.622",
                    "sending_rate": "15.14"
                },
                {
                    "timestamp": "1616909986.318",
                    "sending_rate": "16.41"
                },
                {
                    "timestamp": "1616909987.101",
                    "sending_rate": "14.72"
                },
                {
                    "timestamp": "1616909987.809",
                    "sending_rate": "16.10"
                },
                {
                    "timestamp": "1616909988.521",
                    "sending_rate": "16.21"
                },
                {
                    "timestamp": "1616909989.238",
                    "sending_rate": "15.90"
                },
                {
                    "timestamp": "1616909990.071",
                    "sending_rate": "13.85"
                },
                {
                    "timestamp": "1616909990.815",
                    "sending_rate": "15.33"
                },
                {
                    "timestamp": "1616909991.585",
                    "sending_rate": "14.98"
                },
                {
                    "timestamp": "1616909992.383",
                    "sending_rate": "14.28"
                },
                {
                    "timestamp": "1616909993.222",
                    "sending_rate": "13.76"
                },
                {
                    "timestamp": "1616909993.844",
                    "sending_rate": "18.33"
                },
                {
                    "timestamp": "1616909994.737",
                    "sending_rate": "12.90"
                },
                {
                    "timestamp": "1616909995.699",
                    "sending_rate": "11.86"
                },
                {
                    "timestamp": "1616909996.734",
                    "sending_rate": "11.15"
                },
                {
                    "timestamp": "1616909997.864",
                    "sending_rate": "9.97"
                },
                {
                    "timestamp": "1616909999.577",
                    "sending_rate": "6.43"
                },
                {
                    "timestamp": "1616910000.247",
                    "sending_rate": "15.26"
                },
                {
                    "timestamp": "1616910000.532",
                    "sending_rate": "36.40"
                },
                {
                    "timestamp": "1616910001.585",
                    "sending_rate": "11.94"
                },
                {
                    "timestamp": "1616910002.503",
                    "sending_rate": "12.43"
                },
                {
                    "timestamp": "1616910003.861",
                    "sending_rate": "8.49"
                },
                {
                    "timestamp": "1616910004.866",
                    "sending_rate": "11.35"
                },
                {
                    "timestamp": "1616910005.878",
                    "sending_rate": "11.40"
                },
                {
                    "timestamp": "1616910006.898",
                    "sending_rate": "11.18"
                },
                {
                    "timestamp": "1616910008.336",
                    "sending_rate": "8.02"
                },
                {
                    "timestamp": "1616910009.360",
                    "sending_rate": "11.13"
                },
                {
                    "timestamp": "1616910010.385",
                    "sending_rate": "11.26"
                },
                {
                    "timestamp": "1616910011.420",
                    "sending_rate": "11.02"
                },
                {
                    "timestamp": "1616910011.978",
                    "sending_rate": "20.42"
                }
            ]
        },
        {
            "10.0.8.1:38927": [
                {
                    "meta": true,
                    "start_time": "0",
                    "stop_time": "30"
                },
                {
                    "timestamp": "1616909982.219",
                    "sending_rate": "0.54"
                },
                {
                    "timestamp": "1616909982.721",
                    "sending_rate": "1.04"
                },
                {
                    "timestamp": "1616909982.972",
                    "sending_rate": "7.82"
                },
                {
                    "timestamp": "1616909983.232",
                    "sending_rate": "5.55"
                },
                {
                    "timestamp": "1616909983.538",
                    "sending_rate": "6.85"
                },
                {
                    "timestamp": "1616909984.246",
                    "sending_rate": "3.71"
                },
                {
                    "timestamp": "1616909984.697",
                    "sending_rate": "5.81"
                },
                {
                    "timestamp": "1616909985.554",
                    "sending_rate": "3.67"
                },
                {
                    "timestamp": "1616909986.487",
                    "sending_rate": "3.37"
                },
                {
                    "timestamp": "1616909987.523",
                    "sending_rate": "3.54"
                },
                {
                    "timestamp": "1616909988.157",
                    "sending_rate": "5.58"
                },
                {
                    "timestamp": "1616909989.350",
                    "sending_rate": "3.52"
                },
                {
                    "timestamp": "1616909990.631",
                    "sending_rate": "3.68"
                },
                {
                    "timestamp": "1616909991.409",
                    "sending_rate": "7.41"
                },
                {
                    "timestamp": "1616909992.243",
                    "sending_rate": "8.02"
                },
                {
                    "timestamp": "1616909993.149",
                    "sending_rate": "9.26"
                },
                {
                    "timestamp": "1616909995.080",
                    "sending_rate": "5.43"
                },
                {
                    "timestamp": "1616909997.326",
                    "sending_rate": "5.08"
                },
                {
                    "timestamp": "1616909999.840",
                    "sending_rate": "4.59"
                },
                {
                    "timestamp": "1616910000.193",
                    "sending_rate": "29.32"
                },
                {
                    "timestamp": "1616910000.940",
                    "sending_rate": "15.44"
                },
                {
                    "timestamp": "1616910001.974",
                    "sending_rate": "11.02"
                },
                {
                    "timestamp": "1616910003.484",
                    "sending_rate": "7.64"
                },
                {
                    "timestamp": "1616910004.579",
                    "sending_rate": "10.42"
                },
                {
                    "timestamp": "1616910006.199",
                    "sending_rate": "7.12"
                },
                {
                    "timestamp": "1616910007.325",
                    "sending_rate": "10.12"
                },
                {
                    "timestamp": "1616910008.985",
                    "sending_rate": "6.95"
                },
                {
                    "timestamp": "1616910010.119",
                    "sending_rate": "10.06"
                },
                {
                    "timestamp": "1616910011.787",
                    "sending_rate": "6.91"
                },
                {
                    "timestamp": "1616910011.978",
                    "sending_rate": "59.17"
                }
            ]
        }
    ]
}