{
    "node-0": [
        {
            "10.0.8.1": [
                {
                    "meta": true,
                    "start_time": "0",
                    "stop_time": "30"
                },
                {
                    "timestamp": "1616909981.465671",
                    "rtt": "241"
                },
                {
                    "timestamp": "1616909981.669576",
                    "rtt": "242"
                },
                {
                    "timestamp": "1616909981.869711",
                    "rtt": "241"
                },
                {
                    "timestamp": "1616909982.070710",
                    "rtt": "242"
                },
                {
                    "timestamp": "1616909982.271751",
                    "rtt": "241"
                },
                {
                    "timestamp": "1616909982.472740",
                    "rtt": "241"
                },
                {
                    "timestamp": "1616909982.673467",
                    "rtt": "241"
                },
                {
                    "timestamp": "1616909982.874457",
                    "rtt": "241"
                },
                {
                    "timestamp": "1616909983.074509",
                    "rtt": "241"
                },
                {
                    "timestamp": "1616909983.281158",
                    "rtt": "246"
                },
                {
                    "timestamp": "1616909983.528762",
                    "rtt": "293"
                },
                {
                    "timestamp": "1616909983.689445",
                    "rtt": "253"
                },
                {
                    "timestamp": "1616909983.922603",
                    "rtt": "285"
                },
                {
                    "timestamp": "1616909984.219475",
                    "rtt": "381"
                },
                {
                    "timestamp": "1616909984.430786",
                    "rtt": "392"
                },
                {
                    "timestamp": "1616909984.641028",
                    "rtt": "401"
                },
                {
                    "timestamp": "1616909984.852262",
                    "rtt": "411"
                },
                {
                    "timestamp": "1616909985.062793",
                    "rtt": "422"
                },
                {
                    "timestamp": "1616909985.275161",
                    "rtt": "431"
                },
                {
                    "timestamp": "1616909985.486524",
                    "rtt": "442"
                },
                {
                    "timestamp": "1616909985.696319",
                    "rtt": "451"
                },
                {
                    "timestamp": "1616909985.906924",
                    "rtt": "461"
                },
                {
                    "timestamp": "1616909986.115790",
                    "rtt": "470"
                },
                {
                    "timestamp": "1616909986.328391",
                    "rtt": "482"
                },
                {
                    "timestamp": "1616909986.538293",
                    "rtt": "491"
                },
                {
                    "timestamp": "1616909986.749597",
                    "rtt": "501"
                },
                {
                    "timestamp": "1616909986.959645",
                    "rtt": "511"
                },
                {
                    "timestamp": "1616909987.170011",
                    "rtt": "520"
                },
                {
                    "timestamp": "1616909987.381368",
                    "rtt": "531"
                },
                {
                    "timestamp": "1616909987.591571",
                    "rtt": "540"
                },
                {
                    "timestamp": "1616909987.803508",
                    "rtt": "552"
                },
                {
                    "timestamp": "1616909988.013746",
                    "rtt": "562"
                },
                {
                    "timestamp": "1616909988.221931",
                    "rtt": "570"
                },
                {
                    "timestamp": "1616909988.436150",
                    "rtt": "583"
                },
                {
                    "timestamp": "1616909988.644207",
                    "rtt": "592"
                },
                {
                    "timestamp": "1616909988.854486",
                    "rtt": "602"
                },
                {
                    "timestamp": "1616909989.066567",
                    "rtt": "614"
                },
                {
                    "timestamp": "1616909989.277911",
                    "rtt": "623"
                },
                {
                    "timestamp": "1616909989.488074",
                    "rtt": "633"
                },
                {
                    "timestamp": "1616909989.697649",
                    "rtt": "642"
                },
                {
                    "timestamp": "1616909989.908427",
                    "rtt": "652"
                },
                {
                    "timestamp": "1616909990.119886",
                    "rtt": "662"
                },
                {
                    "timestamp": "1616909990.332419",
                    "rtt": "674"
                },
                {
                    "timestamp": "1616909990.542580",
                    "rtt": "683"
                },
                {
                    "timestamp": "1616909990.764318",
                    "rtt": "704"
                },
                {
                    "timestamp": "1616909990.975971",
                    "rtt": "716"
                },
                {
                    "timestamp": "1616909991.186185",
                    "rtt": "725"
                },
                {
                    "timestamp": "1616909991.406526",
                    "rtt": "745"
                },
                {
                    "timestamp": "1616909991.624031",
                    "rtt": "761"
                },
                {
                    "timestamp": "1616909991.835516",
                    "rtt": "772"
                },
                {
                    "timestamp": "1616909992.046449",
                    "rtt": "783"
                },
                {
                    "timestamp": "1616909992.272927",
                    "rtt": "809"
                },
                {
                    "timestamp": "1616909992.488484",
                    "rtt": "824"
                },
                {
                    "timestamp": "1616909992.699365",
                    "rtt": "835"
                },
                {
                    "timestamp": "1616909992.910013",
                    "rtt": "845"
                },
                {
                    "timestamp": "1616909993.146883",
                    "rtt": "879"
                },
                {
                    "timestamp": "1616909993.364343",
                    "rtt": "896"
                },
                {
                    "timestamp": "1616909993.575385",
                    "rtt": "907"
                },
                {
                    "timestamp": "1616909993.785824",
                    "rtt": "916"
                },
                {
                    "timestamp": "1616909994.017200",
                    "rtt": "947"
                },
                {
                    "timestamp": "1616909994.246999",
                    "rtt": "976"
                },
                {
                    "timestamp": "1616909994.458339",
                    "rtt": "987"
                },
                {
                    "timestamp": "1616909994.670959",
                    "rtt": "998"
                },
                {
                    "timestamp": "1616909994.881341",
                    "rtt": "1008"
                },
                {
                    "timestamp": "1616909995.128206",
                    "rtt": "1056"
                },
                {
                    "timestamp": "1616909995.352884",
                    "rtt": "1080"
                },
                {
                    "timestamp": "1616909995.564194",
                    "rtt": "1091"
                },
                {
                    "timestamp": "1616909995.785057",
                    "rtt": "1104"
                },
                {
                    "timestamp": "1616909995.995650",
                    "rtt": "1114"
                },
                {
                    "timestamp": "1616909996.249346",
                    "rtt": "1166"
                },
                {
                    "timestamp": "1616909996.486195",
                    "rtt": "1201"
                },
                {
                    "timestamp": "1616909996.699404",
                    "rtt": "1214"
                },
                {
                    "timestamp": "1616909996.912635",
                    "rtt": "1227"
                },
                {
                    "timestamp": "1616909997.121674",
                    "rtt": "1235"
                },
                {
                    "timestamp": "1616909997.351046",
                    "rtt": "1264"
                },
                {
                    "timestamp": "1616909997.610449",
                    "rtt": "1323"
                },
                {
                    "timestamp": "1616909997.854746",
                    "rtt": "1358"
                },
                {
                    "timestamp": "1616909998.271954",
                    "rtt": "1372"
                },
                {
                    "timestamp": "1616909998.879117",
                    "rtt": "1378"
                },
                {
                    "timestamp": "1616909999.461839",
                    "rtt": "1358"
                },
                {
                    "timestamp": "1616909999.742828",
                    "rtt": "1235"
                },
                {
                    "timestamp": "1616909999.833927",
                    "rtt": "1122"
                },
                {
                    "timestamp": "1616909999.973719",
                    "rtt": "1061"
                },
                {
                    "timestamp": "1616910000.153587",
                    "rtt": "1038"
                },
                {
                    "timestamp": "1616910000.238540",
                    "rtt": "919"
                },
                {
                    "timestamp": "1616910000.266396",
                    "rtt": "746"
                },
                {
                    "timestamp": "1616910000.480692",
                    "rtt": "757"
                },
                {
                    "timestamp": "1616910000.910630",
                    "rtt": "986"
                },
                {
                    "timestamp": "1616910001.111064",
                    "rtt": "986"
                },
                {
                    "timestamp": "1616910001.433806",
                    "rtt": "1108"
                },
                {
                    "timestamp": "1616910001.574678",
                    "rtt": "1049"
                },
                {
                    "timestamp": "1616910001.716894",
                    "rtt": "989"
                },
                {
                    "timestamp": "1616910001.857446",
                    "rtt": "929"
                },
                {
                    "timestamp": "1616910001.996658",
                    "rtt": "869"
                },
                {
                    "timestamp": "1616910002.140195",
                    "rtt": "808"
                },
                {
                    "timestamp": "1616910002.324654",
                    "rtt": "793"
                },
                {
                    "timestamp": "1616910002.530379",
                    "rtt": "798"
                },
                {
                    "timestamp": "1616910002.740529",
                    "rtt": "807"
                },
                {
                    "timestamp": "1616910002.948950",
                    "rtt": "815"
                },
                {
                    "timestamp": "1616910003.159648",
                    "rtt": "825"
                },
                {
                    "timestamp": "1616910003.374121",
                    "rtt": "833"
                },
                {
                    "timestamp": "1616910003.594748",
                    "rtt": "844"
                },
                {
                    "timestamp": "1616910003.814769",
                    "rtt": "855"
                },
                {
                    "timestamp": "1616910004.024458",
                    "rtt": "865"
                },
                {
                    "timestamp": "1616910004.234802",
                    "rtt": "871"
                },
                {
                    "timestamp": "1616910004.444001",
                    "rtt": "879"
                },
                {
                    "timestamp": "1616910004.650609",
                    "rtt": "885"
                },
                {
                    "timestamp": "1616910004.859013",
                    "rtt": "893"
                },
                {
                    "timestamp": "1616910005.063018",
                    "rtt": "897"
                },
                {
                    "timestamp": "1616910005.270225",
                    "rtt": "904"
                },
                {
                    "timestamp": "1616910005.476867",
                    "rtt": "910"
                },
                {
                    "timestamp": "1616910005.684041",
                    "rtt": "916"
                },
                {
                    "timestamp": "1616910005.887761",
                    "rtt": "919"
                },
                {
                    "timestamp": "1616910006.092690",
                    "rtt": "924"
                },
                {
                    "timestamp": "1616910006.298640",
                    "rtt": "929"
                },
                {
                    "timestamp": "1616910006.503193",
                    "rtt": "934"
                },
                {
                    "timestamp": "1616910006.706619",
                    "rtt": "937"
                },
                {
                    "timestamp": "1616910006.909588",
                    "rtt": "940"
                },
                {
                    "timestamp": "1616910007.113616",
                    "rtt": "944"
                },
                {
                    "timestamp": "1616910007.315963",
                    "rtt": "945"
                },
                {
                    "timestamp": "1616910007.518824",
                    "rtt": "947"
                },
                {
                    "timestamp": "1616910007.720755",
                    "rtt": "949"
                },
                {
                    "timestamp": "1616910007.924721",
                    "rtt": "952"
                },
                {
                    "timestamp": "1616910008.125513",
                    "rtt": "952"
                },
                {
                    "timestamp": "1616910008.326978",
                    "rtt": "954"
                },
                {
                    "timestamp": "1616910008.528590",
                    "rtt": "954"
                },
                {
                    "timestamp": "1616910008.729789",
                    "rtt": "955"
                },
                {
                    "timestamp": "1616910008.931470",
                    "rtt": "955"
                },
                {
                    "timestamp": "1616910009.131979",
                    "rtt": "956"
                },
                {
                    "timestamp": "1616910009.332991",
                    "rtt": "957"
                },
                {
                    "timestamp": "1616910009.533429",
                    "rtt": "956"
                },
                {
                    "timestamp": "1616910009.735345",
                    "rtt": "957"
                },
                {
                    "timestamp": "1616910009.936464",
                    "rtt": "958"
                },
                {
                    "timestamp": "1616910010.136330",
                    "rtt": "958"
                },
                {
                    "timestamp": "1616910010.336919",
                    "rtt": "958"
                },
                {
                    "timestamp": "1616910010.538434",
                    "rtt": "959"
                },
                {
                    "timestamp": "1616910010.739748",
                    "rtt": "959"
                },
                {
                    "timestamp": "1616910010.938975",
                    "rtt": "958"
                },
                {
                    "timestamp": "1616910011.139600",
                    "rtt": "959"
                }
            ]
        }
    ]
}