{
    "a": [
        {
            "10.0.4.1:33469": [
                {
                    "meta": true,
                    "start_time": "0",
                    "stop_time": "30"
                },
                {
                    "timestamp": "1616437396.436",
                    "sending_rate": "32.48"
                },
                {
                    "timestamp": "1616437396.757",
                    "sending_rate": "17.58"
                },
                {
                    "timestamp": "1616437397.055",
                    "sending_rate": "22.87"
                },
                {
                    "timestamp": "1616437397.373",
                    "sending_rate": "13.19"
                },
                {
                    "timestamp": "1616437397.624",
                    "sending_rate": "16.71"
                },
                {
                    "timestamp": "1616437397.895",
                    "sending_rate": "15.45"
                },
                {
                    "timestamp": "1616437398.190",
                    "sending_rate": "13.78"
                },
                {
                    "timestamp": "1616437398.513",
                    "sending_rate": "13.00"
                },
                {
                    "timestamp": "1616437398.928",
                    "sending_rate": "10.10"
                },
                {
                    "timestamp": "1616437399.425",
                    "sending_rate": "8.44"
                },
                {
                    "timestamp": "1616437399.860",
                    "sending_rate": "9.64"
                },
                {
                    "timestamp": "1616437400.333",
                    "sending_rate": "8.58"
                },
                {
                    "timestamp": "1616437400.850",
                    "sending_rate": "8.11"
                },
                {
                    "timestamp": "1616437401.414",
                    "sending_rate": "7.44"
                },
                {
                    "timestamp": "1616437401.932",
                    "sending_rate": "9.11"
                },
                {
                    "timestamp": "1616437402.391",
                    "sending_rate": "10.30"
                },
                {
                    "timestamp": "1616437403.105",
                    "sending_rate": "7.16"
                },
                {
                    "timestamp": "1616437403.893",
                    "sending_rate": "7.32"
                },
                {
                    "timestamp": "1616437404.340",
                    "sending_rate": "14.07"
                },
                {
                    "timestamp": "1616437405.093",
                    "sending_rate": "9.05"
                },
                {
                    "timestamp": "1616437405.461",
                    "sending_rate": "21.03"
                },
                {
                    "timestamp": "1616437406.172",
                    "sending_rate": "12.53"
                },
                {
                    "timestamp": "1616437406.678",
                    "sending_rate": "19.45"
                },
                {
                    "timestamp": "1616437407.419",
                    "sending_rate": "14.85"
                },
                {
                    "timestamp": "1616437408.166",
                    "sending_rate": "15.26"
                },
                {
                    "timestamp": "1616437408.810",
                    "sending_rate": "17.91"
                },
                {
                    "timestamp": "1616437409.381",
                    "sending_rate": "19.99"
                },
                {
                    "timestamp": "1616437409.969",
                    "sending_rate": "19.60"
                },
                {
                    "timestamp": "1616437410.573",
                    "sending_rate": "18.89"
                },
                {
                    "timestamp": "1616437411.190",
                    "sending_rate": "18.67"
                },
                {
                    "timestamp": "1616437411.818",
                    "sending_rate": "18.17"
                },
                {
                    "timestamp": "1616437412.455",
                    "sending_rate": "18.10"
                },
                {
                    "timestamp": "1616437413.100",
                    "sending_rate": "17.68"
                },
                {
                    "timestamp": "1616437413.622",
                    "sending_rate": "22.12"
                },
                {
                    "timestamp": "1616437414.134",
                    "sending_rate": "22.25"
                },
                {
                    "timestamp": "1616437414.788",
                    "sending_rate": "17.65"
                },
                {
                    "timestamp": "1616437415.441",
                    "sending_rate": "17.47"
                },
                {
                    "timestamp": "1616437416.096",
                    "sending_rate": "17.61"
                },
                {
                    "timestamp": "1616437416.624",
                    "sending_rate": "21.60"
                },
                {
                    "timestamp": "1616437417.144",
                    "sending_rate": "22.17"
                },
                {
                    "timestamp": "1616437417.805",
                    "sending_rate": "17.24"
                },
                {
                    "timestamp": "1616437418.472",
                    "sending_rate": "17.30"
                },
                {
                    "timestamp": "1616437419.014",
                    "sending_rate": "21.04"
                },
                {
                    "timestamp": "1616437419.544",
                    "sending_rate": "21.76"
                },
                {
                    "timestamp": "1616437420.235",
                    "sending_rate": "16.51"
                },
                {
                    "timestamp": "1616437420.801",
                    "sending_rate": "20.36"
                },
                {
                    "timestamp": "1616437421.350",
                    "sending_rate": "20.80"
                },
                {
                    "timestamp": "1616437422.038",
                    "sending_rate": "16.76"
                },
                {
                    "timestamp": "1616437422.412",
                    "sending_rate": "30.49"
                },
                {
                    "timestamp": "1616437422.903",
                    "sending_rate": "23.47"
                },
                {
                    "timestamp": "1616437423.562",
                    "sending_rate": "17.30"
                },
                {
                    "timestamp": "1616437424.245",
                    "sending_rate": "16.89"
                },
                {
                    "timestamp": "1616437424.805",
                    "sending_rate": "20.38"
                },
                {
                    "timestamp": "1616437425.526",
                    "sending_rate": "15.99"
                },
                {
                    "timestamp": "1616437426.004",
                    "sending_rate": "23.89"
                },
                {
                    "timestamp": "1616437426.162",
                    "sending_rate": "72.27"
                }
            ]
        },
        {
            "10.0.4.1:41623": [
                {
                    "meta": true,
                    "start_time": "0",
                    "stop_time": "30"
                },
                {
                    "timestamp": "1616437396.449",
                    "sending_rate": "50.70"
                },
                {
                    "timestamp": "1616437396.768",
                    "sending_rate": "34.57"
                },
                {
                    "timestamp": "1616437397.079",
                    "sending_rate": "41.70"
                },
                {
                    "timestamp": "1616437397.290",
                    "sending_rate": "34.81"
                },
                {
                    "timestamp": "1616437397.516",
                    "sending_rate": "34.78"
                },
                {
                    "timestamp": "1616437397.928",
                    "sending_rate": "41.68"
                },
                {
                    "timestamp": "1616437398.206",
                    "sending_rate": "35.30"
                },
                {
                    "timestamp": "1616437398.742",
                    "sending_rate": "41.09"
                },
                {
                    "timestamp": "1616437399.097",
                    "sending_rate": "32.11"
                },
                {
                    "timestamp": "1616437399.472",
                    "sending_rate": "30.78"
                },
                {
                    "timestamp": "1616437399.729",
                    "sending_rate": "44.34"
                },
                {
                    "timestamp": "1616437400.139",
                    "sending_rate": "28.16"
                },
                {
                    "timestamp": "1616437400.412",
                    "sending_rate": "41.75"
                },
                {
                    "timestamp": "1616437400.693",
                    "sending_rate": "40.55"
                },
                {
                    "timestamp": "1616437401.157",
                    "sending_rate": "24.86"
                },
                {
                    "timestamp": "1616437401.461",
                    "sending_rate": "37.48"
                },
                {
                    "timestamp": "1616437401.776",
                    "sending_rate": "36.68"
                },
                {
                    "timestamp": "1616437402.098",
                    "sending_rate": "35.37"
                },
                {
                    "timestamp": "1616437402.431",
                    "sending_rate": "34.62"
                },
                {
                    "timestamp": "1616437402.774",
                    "sending_rate": "33.30"
                },
                {
                    "timestamp": "1616437403.128",
                    "sending_rate": "32.58"
                },
                {
                    "timestamp": "1616437403.617",
                    "sending_rate": "46.86"
                },
                {
                    "timestamp": "1616437403.997",
                    "sending_rate": "30.00"
                },
                {
                    "timestamp": "1616437404.389",
                    "sending_rate": "29.48"
                },
                {
                    "timestamp": "1616437404.858",
                    "sending_rate": "48.88"
                },
                {
                    "timestamp": "1616437405.174",
                    "sending_rate": "36.11"
                },
                {
                    "timestamp": "1616437405.568",
                    "sending_rate": "57.24"
                },
                {
                    "timestamp": "1616437405.848",
                    "sending_rate": "40.64"
                },
                {
                    "timestamp": "1616437406.250",
                    "sending_rate": "54.42"
                },
                {
                    "timestamp": "1616437406.657",
                    "sending_rate": "53.46"
                },
                {
                    "timestamp": "1616437407.067",
                    "sending_rate": "51.84"
                },
                {
                    "timestamp": "1616437407.482",
                    "sending_rate": "51.54"
                },
                {
                    "timestamp": "1616437407.886",
                    "sending_rate": "56.78"
                },
                {
                    "timestamp": "1616437408.138",
                    "sending_rate": "45.77"
                },
                {
                    "timestamp": "1616437408.397",
                    "sending_rate": "43.93"
                },
                {
                    "timestamp": "1616437408.663",
                    "sending_rate": "43.44"
                },
                {
                    "timestamp": "1616437408.933",
                    "sending_rate": "42.24"
                },
                {
                    "timestamp": "1616437409.207",
                    "sending_rate": "42.08"
                },
                {
                    "timestamp": "1616437409.485",
                    "sending_rate": "41.04"
                },
                {
                    "timestamp": "1616437409.767",
                    "sending_rate": "40.84"
                },
                {
                    "timestamp": "1616437410.052",
                    "sending_rate": "40.01"
                },
                {
                    "timestamp": "1616437410.341",
                    "sending_rate": "39.86"
                },
                {
                    "timestamp": "1616437410.635",
                    "sending_rate": "38.88"
                },
                {
                    "timestamp": "1616437410.931",
                    "sending_rate": "38.99"
                },
                {
                    "timestamp": "1616437411.229",
                    "sending_rate": "38.26"
                },
                {
                    "timestamp": "1616437411.530",
                    "sending_rate": "38.29"
                },
                {
                    "timestamp": "1616437411.774",
                    "sending_rate": "46.67"
                },
                {
                    "timestamp": "1616437412.262",
                    "sending_rate": "46.99"
                },
                {
                    "timestamp": "1616437412.569",
                    "sending_rate": "37.64"
                },
                {
                    "timestamp": "1616437412.881",
                    "sending_rate": "36.47"
                },
                {
                    "timestamp": "1616437413.188",
                    "sending_rate": "37.58"
                },
                {
                    "timestamp": "1616437413.499",
                    "sending_rate": "36.70"
                },
                {
                    "timestamp": "1616437413.811",
                    "sending_rate": "36.95"
                },
                {
                    "timestamp": "1616437414.249",
                    "sending_rate": "52.34"
                },
                {
                    "timestamp": "1616437414.563",
                    "sending_rate": "36.40"
                },
                {
                    "timestamp": "1616437414.878",
                    "sending_rate": "36.63"
                },
                {
                    "timestamp": "1616437415.192",
                    "sending_rate": "36.29"
                },
                {
                    "timestamp": "1616437415.506",
                    "sending_rate": "36.72"
                },
                {
                    "timestamp": "1616437415.821",
                    "sending_rate": "36.18"
                },
                {
                    "timestamp": "1616437416.260",
                    "sending_rate": "52.27"
                },
                {
                    "timestamp": "1616437416.575",
                    "sending_rate": "36.55"
                },
                {
                    "timestamp": "1616437416.889",
                    "sending_rate": "36.35"
                },
                {
                    "timestamp": "1616437417.204",
                    "sending_rate": "36.64"
                },
                {
                    "timestamp": "1616437417.519",
                    "sending_rate": "36.19"
                },
                {
                    "timestamp": "1616437417.834",
                    "sending_rate": "36.61"
                },
                {
                    "timestamp": "1616437418.275",
                    "sending_rate": "52.01"
                },
                {
                    "timestamp": "1616437418.590",
                    "sending_rate": "36.28"
                },
                {
                    "timestamp": "1616437418.906",
                    "sending_rate": "36.46"
                },
                {
                    "timestamp": "1616437419.223",
                    "sending_rate": "35.97"
                },
                {
                    "timestamp": "1616437419.665",
                    "sending_rate": "51.84"
                },
                {
                    "timestamp": "1616437419.988",
                    "sending_rate": "35.77"
                },
                {
                    "timestamp": "1616437420.307",
                    "sending_rate": "35.70"
                },
                {
                    "timestamp": "1616437420.629",
                    "sending_rate": "35.88"
                },
                {
                    "timestamp": "1616437421.076",
                    "sending_rate": "51.26"
                },
                {
                    "timestamp": "1616437421.401",
                    "sending_rate": "35.12"
                },
                {
                    "timestamp": "1616437421.850",
                    "sending_rate": "51.03"
                },
                {
                    "timestamp": "1616437422.183",
                    "sending_rate": "34.69"
                },
                {
                    "timestamp": "1616437422.519",
                    "sending_rate": "33.92"
                },
                {
                    "timestamp": "1616437422.859",
                    "sending_rate": "33.94"
                },
                {
                    "timestamp": "1616437423.180",
                    "sending_rate": "35.53"
                },
                {
                    "timestamp": "1616437423.494",
                    "sending_rate": "36.67"
                },
                {
                    "timestamp": "1616437423.810",
                    "sending_rate": "36.15"
                },
                {
                    "timestamp": "1616437424.134",
                    "sending_rate": "35.53"
                },
                {
                    "timestamp": "1616437424.465",
                    "sending_rate": "34.47"
                },
                {
                    "timestamp": "1616437424.929",
                    "sending_rate": "49.43"
                },
                {
                    "timestamp": "1616437425.266",
                    "sending_rate": "34.28"
                },
                {
                    "timestamp": "1616437425.611",
                    "sending_rate": "33.05"
                },
                {
                    "timestamp": "1616437425.961",
                    "sending_rate": "32.91"
                },
                {
                    "timestamp": "1616437426.173",
                    "sending_rate": "53.29"
                }
            ]
        },
        {
            "10.0.4.1:39299": [
                {
                    "meta": true,
                    "start_time": "0",
                    "stop_time": "30"
                },
                {
                    "timestamp": "1616437396.464",
                    "sending_rate": "67.87"
                },
                {
                    "timestamp": "1616437396.725",
                    "sending_rate": "57.66"
                },
                {
                    "timestamp": "1616437397.027",
                    "sending_rate": "58.67"
                },
                {
                    "timestamp": "1616437397.447",
                    "sending_rate": "49.53"
                },
                {
                    "timestamp": "1616437397.695",
                    "sending_rate": "46.61"
                },
                {
                    "timestamp": "1616437398.145",
                    "sending_rate": "50.95"
                },
                {
                    "timestamp": "1616437398.416",
                    "sending_rate": "42.02"
                },
                {
                    "timestamp": "1616437398.620",
                    "sending_rate": "56.73"
                },
                {
                    "timestamp": "1616437398.824",
                    "sending_rate": "55.89"
                },
                {
                    "timestamp": "1616437399.120",
                    "sending_rate": "38.98"
                },
                {
                    "timestamp": "1616437399.334",
                    "sending_rate": "53.25"
                },
                {
                    "timestamp": "1616437399.551",
                    "sending_rate": "53.08"
                },
                {
                    "timestamp": "1616437399.774",
                    "sending_rate": "51.25"
                },
                {
                    "timestamp": "1616437399.999",
                    "sending_rate": "51.19"
                },
                {
                    "timestamp": "1616437400.229",
                    "sending_rate": "49.51"
                },
                {
                    "timestamp": "1616437400.464",
                    "sending_rate": "49.21"
                },
                {
                    "timestamp": "1616437400.704",
                    "sending_rate": "47.51"
                },
                {
                    "timestamp": "1616437401.070",
                    "sending_rate": "62.60"
                },
                {
                    "timestamp": "1616437401.321",
                    "sending_rate": "46.04"
                },
                {
                    "timestamp": "1616437401.575",
                    "sending_rate": "44.75"
                },
                {
                    "timestamp": "1616437401.961",
                    "sending_rate": "59.55"
                },
                {
                    "timestamp": "1616437402.230",
                    "sending_rate": "42.87"
                },
                {
                    "timestamp": "1616437402.623",
                    "sending_rate": "56.92"
                },
                {
                    "timestamp": "1616437402.902",
                    "sending_rate": "39.99"
                },
                {
                    "timestamp": "1616437403.304",
                    "sending_rate": "54.51"
                },
                {
                    "timestamp": "1616437403.713",
                    "sending_rate": "52.80"
                },
                {
                    "timestamp": "1616437404.127",
                    "sending_rate": "51.38"
                },
                {
                    "timestamp": "1616437404.550",
                    "sending_rate": "49.82"
                },
                {
                    "timestamp": "1616437405.004",
                    "sending_rate": "50.58"
                },
                {
                    "timestamp": "1616437405.342",
                    "sending_rate": "33.66"
                },
                {
                    "timestamp": "1616437405.698",
                    "sending_rate": "32.40"
                },
                {
                    "timestamp": "1616437406.067",
                    "sending_rate": "30.91"
                },
                {
                    "timestamp": "1616437406.450",
                    "sending_rate": "30.16"
                },
                {
                    "timestamp": "1616437406.847",
                    "sending_rate": "28.68"
                },
                {
                    "timestamp": "1616437407.263",
                    "sending_rate": "27.76"
                },
                {
                    "timestamp": "1616437407.636",
                    "sending_rate": "30.59"
                },
                {
                    "timestamp": "1616437407.943",
                    "sending_rate": "37.48"
                },
                {
                    "timestamp": "1616437408.218",
                    "sending_rate": "41.58"
                },
                {
                    "timestamp": "1616437408.505",
                    "sending_rate": "40.08"
                },
                {
                    "timestamp": "1616437408.970",
                    "sending_rate": "24.56"
                },
                {
                    "timestamp": "1616437409.269",
                    "sending_rate": "38.54"
                },
                {
                    "timestamp": "1616437409.573",
                    "sending_rate": "37.52"
                },
                {
                    "timestamp": "1616437409.880",
                    "sending_rate": "37.58"
                },
                {
                    "timestamp": "1616437410.189",
                    "sending_rate": "36.94"
                },
                {
                    "timestamp": "1616437410.500",
                    "sending_rate": "37.02"
                },
                {
                    "timestamp": "1616437410.815",
                    "sending_rate": "36.18"
                },
                {
                    "timestamp": "1616437411.132",
                    "sending_rate": "36.45"
                },
                {
                    "timestamp": "1616437411.451",
                    "sending_rate": "35.69"
                },
                {
                    "timestamp": "1616437411.772",
                    "sending_rate": "36.00"
                },
                {
                    "timestamp": "1616437412.094",
                    "sending_rate": "35.41"
                },
                {
                    "timestamp": "1616437412.418",
                    "sending_rate": "35.60"
                },
                {
                    "timestamp": "1616437412.743",
                    "sending_rate": "35.06"
                },
                {
                    "timestamp": "1616437413.069",
                    "sending_rate": "35.36"
                },
                {
                    "timestamp": "1616437413.395",
                    "sending_rate": "35.02"
                },
                {
                    "timestamp": "1616437413.721",
                    "sending_rate": "35.38"
                },
                {
                    "timestamp": "1616437414.047",
                    "sending_rate": "34.91"
                },
                {
                    "timestamp": "1616437414.374",
                    "sending_rate": "35.27"
                },
                {
                    "timestamp": "1616437414.703",
                    "sending_rate": "34.71"
                },
                {
                    "timestamp": "1616437415.030",
                    "sending_rate": "35.25"
                },
                {
                    "timestamp": "1616437415.357",
                    "sending_rate": "34.88"
                },
                {
                    "timestamp": "1616437415.683",
                    "sending_rate": "35.45"
                },
                {
                    "timestamp": "1616437416.008",
                    "sending_rate": "35.00"
                },
                {
                    "timestamp": "1616437416.336",
                    "sending_rate": "35.20"
                },
                {
                    "timestamp": "1616437416.665",
                    "sending_rate": "34.70"
                },
                {
                    "timestamp": "1616437416.993",
                    "sending_rate": "35.07"
                },
                {
                    "timestamp": "1616437417.323",
                    "sending_rate": "34.57"
                },
                {
                    "timestamp": "1616437417.655",
                    "sending_rate": "34.82"
                },
                {
                    "timestamp": "1616437418.114",
                    "sending_rate": "49.94"
                },
                {
                    "timestamp": "1616437418.446",
                    "sending_rate": "34.36"
                },
                {
                    "timestamp": "1616437418.782",
                    "sending_rate": "34.34"
                },
                {
                    "timestamp": "1616437419.120",
                    "sending_rate": "33.72"
                },
                {
                    "timestamp": "1616437419.460",
                    "sending_rate": "33.87"
                },
                {
                    "timestamp": "1616437419.809",
                    "sending_rate": "32.73"
                },
                {
                    "timestamp": "1616437420.155",
                    "sending_rate": "33.32"
                },
                {
                    "timestamp": "1616437420.505",
                    "sending_rate": "32.56"
                },
                {
                    "timestamp": "1616437420.858",
                    "sending_rate": "32.70"
                },
                {
                    "timestamp": "1616437421.214",
                    "sending_rate": "31.99"
                },
                {
                    "timestamp": "1616437421.579",
                    "sending_rate": "31.67"
                },
                {
                    "timestamp": "1616437421.911",
                    "sending_rate": "34.27"
                },
                {
                    "timestamp": "1616437422.230",
                    "sending_rate": "36.16"
                },
                {
                    "timestamp": "1616437422.682",
                    "sending_rate": "50.76"
                },
                {
                    "timestamp": "1616437423.013",
                    "sending_rate": "34.49"
                },
                {
                    "timestamp": "1616437423.318",
                    "sending_rate": "37.76"
                },
                {
                    "timestamp": "1616437423.628",
                    "sending_rate": "36.82"
                },
                {
                    "timestamp": "1616437423.948",
                    "sending_rate": "36.07"
                },
                {
                    "timestamp": "1616437424.272",
                    "sending_rate": "35.24"
                },
                {
                    "timestamp": "1616437424.736",
                    "sending_rate": "49.35"
                },
                {
                    "timestamp": "1616437425.077",
                    "sending_rate": "33.83"
                },
                {
                    "timestamp": "1616437425.418",
                    "sending_rate": "33.48"
                },
                {
                    "timestamp": "1616437425.727",
                    "sending_rate": "37.35"
                },
                {
                    "timestamp": "1616437426.131",
                    "sending_rate": "56.69"
                },
                {
                    "timestamp": "1616437426.156",
                    "sending_rate": "448.66"
                }
            ]
        }
    ]
}