{
    "a": [
        {
            "10.0.4.1": [
                {
                    "meta": true,
                    "start_time": "0",
                    "stop_time": "30"
                },
                {
                    "timestamp": "1616437396.096702",
                    "rtt": "30.1"
                },
                {
                    "timestamp": "1616437396.298107",
                    "rtt": "31.3"
                },
                {
                    "timestamp": "1616437396.545259",
                    "rtt": "77.9"
                },
                {
                    "timestamp": "1616437396.756423",
                    "rtt": "88.0"
                },
                {
                    "timestamp": "1616437396.965842",
                    "rtt": "97.2"
                },
                {
                    "timestamp": "1616437397.176589",
                    "rtt": "108"
                },
                {
                    "timestamp": "1616437397.385419",
                    "rtt": "116"
                },
                {
                    "timestamp": "1616437397.595559",
                    "rtt": "125"
                },
                {
                    "timestamp": "1616437397.804236",
                    "rtt": "134"
                },
                {
                    "timestamp": "1616437398.013883",
                    "rtt": "143"
                },
                {
                    "timestamp": "1616437398.221748",
                    "rtt": "151"
                },
                {
                    "timestamp": "1616437398.431409",
                    "rtt": "160"
                },
                {
                    "timestamp": "1616437398.641335",
                    "rtt": "169"
                },
                {
                    "timestamp": "1616437398.850408",
                    "rtt": "177"
                },
                {
                    "timestamp": "1616437399.059708",
                    "rtt": "186"
                },
                {
                    "timestamp": "1616437399.267549",
                    "rtt": "195"
                },
                {
                    "timestamp": "1616437399.476985",
                    "rtt": "204"
                },
                {
                    "timestamp": "1616437399.687605",
                    "rtt": "214"
                },
                {
                    "timestamp": "1616437399.896455",
                    "rtt": "222"
                },
                {
                    "timestamp": "1616437400.105839",
                    "rtt": "231"
                },
                {
                    "timestamp": "1616437400.316470",
                    "rtt": "241"
                },
                {
                    "timestamp": "1616437400.526485",
                    "rtt": "250"
                },
                {
                    "timestamp": "1616437400.736290",
                    "rtt": "260"
                },
                {
                    "timestamp": "1616437400.946576",
                    "rtt": "269"
                },
                {
                    "timestamp": "1616437401.156958",
                    "rtt": "278"
                },
                {
                    "timestamp": "1616437401.367166",
                    "rtt": "288"
                },
                {
                    "timestamp": "1616437401.576575",
                    "rtt": "297"
                },
                {
                    "timestamp": "1616437401.787546",
                    "rtt": "308"
                },
                {
                    "timestamp": "1616437401.996282",
                    "rtt": "316"
                },
                {
                    "timestamp": "1616437402.208417",
                    "rtt": "328"
                },
                {
                    "timestamp": "1616437402.418554",
                    "rtt": "337"
                },
                {
                    "timestamp": "1616437402.628225",
                    "rtt": "347"
                },
                {
                    "timestamp": "1616437402.838127",
                    "rtt": "356"
                },
                {
                    "timestamp": "1616437403.048896",
                    "rtt": "367"
                },
                {
                    "timestamp": "1616437403.260124",
                    "rtt": "377"
                },
                {
                    "timestamp": "1616437403.470409",
                    "rtt": "387"
                },
                {
                    "timestamp": "1616437403.683467",
                    "rtt": "400"
                },
                {
                    "timestamp": "1616437403.894064",
                    "rtt": "411"
                },
                {
                    "timestamp": "1616437404.101781",
                    "rtt": "408"
                },
                {
                    "timestamp": "1616437404.321870",
                    "rtt": "428"
                },
                {
                    "timestamp": "1616437404.524020",
                    "rtt": "426"
                },
                {
                    "timestamp": "1616437404.700763",
                    "rtt": "403"
                },
                {
                    "timestamp": "1616437404.906058",
                    "rtt": "407"
                },
                {
                    "timestamp": "1616437405.075651",
                    "rtt": "375"
                },
                {
                    "timestamp": "1616437405.284692",
                    "rtt": "383"
                },
                {
                    "timestamp": "1616437405.446748",
                    "rtt": "345"
                },
                {
                    "timestamp": "1616437405.656426",
                    "rtt": "355"
                },
                {
                    "timestamp": "1616437405.864507",
                    "rtt": "362"
                },
                {
                    "timestamp": "1616437406.073801",
                    "rtt": "370"
                },
                {
                    "timestamp": "1616437406.283161",
                    "rtt": "380"
                },
                {
                    "timestamp": "1616437406.490662",
                    "rtt": "388"
                },
                {
                    "timestamp": "1616437406.701397",
                    "rtt": "398"
                },
                {
                    "timestamp": "1616437406.908980",
                    "rtt": "405"
                },
                {
                    "timestamp": "1616437407.126812",
                    "rtt": "415"
                },
                {
                    "timestamp": "1616437407.339733",
                    "rtt": "421"
                },
                {
                    "timestamp": "1616437407.530283",
                    "rtt": "409"
                },
                {
                    "timestamp": "1616437407.846795",
                    "rtt": "324"
                },
                {
                    "timestamp": "1616437408.005000",
                    "rtt": "281"
                },
                {
                    "timestamp": "1616437408.178351",
                    "rtt": "254"
                },
                {
                    "timestamp": "1616437408.382210",
                    "rtt": "259"
                },
                {
                    "timestamp": "1616437408.587057",
                    "rtt": "263"
                },
                {
                    "timestamp": "1616437408.792970",
                    "rtt": "269"
                },
                {
                    "timestamp": "1616437408.998520",
                    "rtt": "273"
                },
                {
                    "timestamp": "1616437409.203812",
                    "rtt": "278"
                },
                {
                    "timestamp": "1616437409.409378",
                    "rtt": "283"
                },
                {
                    "timestamp": "1616437409.613709",
                    "rtt": "287"
                },
                {
                    "timestamp": "1616437409.817563",
                    "rtt": "290"
                },
                {
                    "timestamp": "1616437410.022749",
                    "rtt": "295"
                },
                {
                    "timestamp": "1616437410.227313",
                    "rtt": "299"
                },
                {
                    "timestamp": "1616437410.429603",
                    "rtt": "302"
                },
                {
                    "timestamp": "1616437410.633565",
                    "rtt": "305"
                },
                {
                    "timestamp": "1616437410.836953",
                    "rtt": "308"
                },
                {
                    "timestamp": "1616437411.039886",
                    "rtt": "310"
                },
                {
                    "timestamp": "1616437411.243359",
                    "rtt": "313"
                },
                {
                    "timestamp": "1616437411.446014",
                    "rtt": "316"
                },
                {
                    "timestamp": "1616437411.648262",
                    "rtt": "318"
                },
                {
                    "timestamp": "1616437411.851113",
                    "rtt": "320"
                },
                {
                    "timestamp": "1616437412.053782",
                    "rtt": "322"
                },
                {
                    "timestamp": "1616437412.255808",
                    "rtt": "324"
                },
                {
                    "timestamp": "1616437412.457253",
                    "rtt": "325"
                },
                {
                    "timestamp": "1616437412.659918",
                    "rtt": "327"
                },
                {
                    "timestamp": "1616437412.862172",
                    "rtt": "329"
                },
                {
                    "timestamp": "1616437413.063764",
                    "rtt": "330"
                },
                {
                    "timestamp": "1616437413.263673",
                    "rtt": "329"
                },
                {
                    "timestamp": "1616437413.464330",
                    "rtt": "330"
                },
                {
                    "timestamp": "1616437413.665667",
                    "rtt": "331"
                },
                {
                    "timestamp": "1616437413.867283",
                    "rtt": "332"
                },
                {
                    "timestamp": "1616437414.068481",
                    "rtt": "333"
                },
                {
                    "timestamp": "1616437414.270234",
                    "rtt": "334"
                },
                {
                    "timestamp": "1616437414.469394",
                    "rtt": "333"
                },
                {
                    "timestamp": "1616437414.671341",
                    "rtt": "335"
                },
                {
                    "timestamp": "1616437414.871198",
                    "rtt": "335"
                },
                {
                    "timestamp": "1616437415.071796",
                    "rtt": "334"
                },
                {
                    "timestamp": "1616437415.272615",
                    "rtt": "334"
                },
                {
                    "timestamp": "1616437415.472705",
                    "rtt": "335"
                },
                {
                    "timestamp": "1616437415.673778",
                    "rtt": "335"
                },
                {
                    "timestamp": "1616437415.873861",
                    "rtt": "335"
                },
                {
                    "timestamp": "1616437416.074910",
                    "rtt": "335"
                },
                {
                    "timestamp": "1616437416.275735",
                    "rtt": "336"
                },
                {
                    "timestamp": "1616437416.475689",
                    "rtt": "336"
                },
                {
                    "timestamp": "1616437416.677869",
                    "rtt": "337"
                },
                {
                    "timestamp": "1616437416.878730",
                    "rtt": "337"
                },
                {
                    "timestamp": "1616437417.079677",
                    "rtt": "338"
                },
                {
                    "timestamp": "1616437417.281015",
                    "rtt": "338"
                },
                {
                    "timestamp": "1616437417.481305",
                    "rtt": "339"
                },
                {
                    "timestamp": "1616437417.682749",
                    "rtt": "340"
                },
                {
                    "timestamp": "1616437417.883207",
                    "rtt": "340"
                },
                {
                    "timestamp": "1616437418.084529",
                    "rtt": "341"
                },
                {
                    "timestamp": "1616437418.286575",
                    "rtt": "342"
                },
                {
                    "timestamp": "1616437418.485795",
                    "rtt": "342"
                },
                {
                    "timestamp": "1616437418.688541",
                    "rtt": "344"
                },
                {
                    "timestamp": "1616437418.889748",
                    "rtt": "345"
                },
                {
                    "timestamp": "1616437419.091661",
                    "rtt": "346"
                },
                {
                    "timestamp": "1616437419.293699",
                    "rtt": "348"
                },
                {
                    "timestamp": "1616437419.494638",
                    "rtt": "349"
                },
                {
                    "timestamp": "1616437419.703040",
                    "rtt": "356"
                },
                {
                    "timestamp": "1616437419.905092",
                    "rtt": "357"
                },
                {
                    "timestamp": "1616437420.103399",
                    "rtt": "355"
                },
                {
                    "timestamp": "1616437420.306138",
                    "rtt": "357"
                },
                {
                    "timestamp": "1616437420.507943",
                    "rtt": "359"
                },
                {
                    "timestamp": "1616437420.711537",
                    "rtt": "362"
                },
                {
                    "timestamp": "1616437420.914185",
                    "rtt": "364"
                },
                {
                    "timestamp": "1616437421.118293",
                    "rtt": "368"
                },
                {
                    "timestamp": "1616437421.320924",
                    "rtt": "370"
                },
                {
                    "timestamp": "1616437421.524299",
                    "rtt": "374"
                },
                {
                    "timestamp": "1616437421.727428",
                    "rtt": "376"
                },
                {
                    "timestamp": "1616437421.896989",
                    "rtt": "346"
                },
                {
                    "timestamp": "1616437422.095496",
                    "rtt": "344"
                },
                {
                    "timestamp": "1616437422.284700",
                    "rtt": "333"
                },
                {
                    "timestamp": "1616437422.487752",
                    "rtt": "336"
                },
                {
                    "timestamp": "1616437422.691122",
                    "rtt": "339"
                },
                {
                    "timestamp": "1616437422.898610",
                    "rtt": "346"
                },
                {
                    "timestamp": "1616437423.084267",
                    "rtt": "331"
                },
                {
                    "timestamp": "1616437423.281230",
                    "rtt": "328"
                },
                {
                    "timestamp": "1616437423.483997",
                    "rtt": "331"
                },
                {
                    "timestamp": "1616437423.689077",
                    "rtt": "335"
                },
                {
                    "timestamp": "1616437423.895092",
                    "rtt": "340"
                },
                {
                    "timestamp": "1616437424.100265",
                    "rtt": "344"
                },
                {
                    "timestamp": "1616437424.306199",
                    "rtt": "349"
                },
                {
                    "timestamp": "1616437424.510293",
                    "rtt": "354"
                },
                {
                    "timestamp": "1616437424.715971",
                    "rtt": "359"
                },
                {
                    "timestamp": "1616437424.920258",
                    "rtt": "363"
                },
                {
                    "timestamp": "1616437425.124822",
                    "rtt": "367"
                },
                {
                    "timestamp": "1616437425.329933",
                    "rtt": "372"
                },
                {
                    "timestamp": "1616437425.534478",
                    "rtt": "377"
                },
                {
                    "timestamp": "1616437425.706840",
                    "rtt": "349"
                },
                {
                    "timestamp": "1616437425.909373",
                    "rtt": "351"
                }
            ]
        }
    ]
}